,Flavonifractor plautii,Faecalibacterium prausnitzii_C,Faecalibacterium prausnitzii,Faecalibacterium sp900539885,Faecalibacterium prausnitzii_G,Faecalibacterium prausnitzii_J,Faecalibacterium prausnitzii_A,Faecalibacterium sp900758465,Faecalibacterium prausnitzii_H,Faecalibacterium prausnitzii_E,Faecalibacterium prausnitzii_F,Gemmiger formicilis,Gemmiger sp900540775,Anaerotruncus colihominis,Ruminococcus_E bromii_B,Ruminococcus_E bromii,Blautia_A obeum,Blautia_A wexlerae,Blautia_A wexlerae_B,Agathobacter sp900317585,Mediterraneibacter faecis,Mediterraneibacter torques,Mediterraneibacter lactaris,Enterocloster bolteae,Enterocloster citroniae,Enterocloster asparagiformis,Enterocloster clostridioformis,Coprococcus eutactus,Dorea_A longicatena_B,Dorea_A longicatena,Lachnospira eligens_A,Roseburia inulinivorans,Roseburia intestinalis,Anaerostipes hadrus,Eubacterium_G ventriosum,Bariatricus comes,Bariatricus comes_A,Anaerobutyricum hallii,Anaerobutyricum soehngenii,Dorea formicigenerans,Coprococcus_A catus,Eubacterium_I ramulus,Clostridium_Q symbiosum,Bacteroides_F pectinophilus,Ruminococcus_B gnavus,Hungatella effluvii,Bacteroides uniformis,Bacteroides caccae,Bacteroides cellulosilyticus,Bacteroides timonensis,Bacteroides stercoris,Bacteroides sp900552405,Bacteroides intestinalis_A,Bacteroides xylanisolvens,Bacteroides eggerthii,Bacteroides fragilis,Bacteroides fluxus,Bacteroides finegoldii,Bacteroides intestinalis,Bacteroides faecis,Bacteroides nordii,Bacteroides salyersiae,Bacteroides sp902362375,Bacteroides oleiciplenus,Bacteroides fragilis_A,Bacteroides clarus,Phocaeicola dorei,Phocaeicola vulgatus,Phocaeicola plebeius,Phocaeicola massiliensis,Phocaeicola coprocola,Phocaeicola coprophilus,Prevotella sp900313215,Prevotella sp900551275,Prevotella copri_A,Prevotella stercorea,Prevotella sp015074785,Prevotella copri,Paraprevotella clara,Paraprevotella xylaniphila,Alistipes onderdonkii,Alistipes finegoldii,Alistipes shahii,Alistipes putredinis,Alistipes_A indistinctus,Parabacteroides distasonis,Parabacteroides goldsteinii,Parabacteroides distasonis_A,Parabacteroides gordonii,Parabacteroides merdae,Parabacteroides johnsonii,Parabacteroides timonensis,Butyricimonas virosa,Odoribacter splanchnicus,Barnesiella intestinihominis,Parasutterella excrementihominis,Escherichia coli,Escherichia fergusonii,Escherichia ruysiae,Escherichia sp005843885,Escherichia coli_E,Escherichia albertii,Hafnia alvei,Klebsiella pneumoniae,Akkermansia muciniphila,Akkermansia muciniphila_B,Erysipelatoclostridium ramosum,Catenibacterium sp000437715,Catenibacterium mitsuokai,Holdemania filiformis,Holdemanella biformis,Streptococcus salivarius,Streptococcus sp001556435,Streptococcus thermophilus,Adlercreutzia celatus_A,Bifidobacterium longum,Bifidobacterium pseudocatenulatum,Bifidobacterium catenulatum,Bifidobacterium ruminantium,Bifidobacterium bifidum,Desulfovibrio sp900556755,Bilophila wadsworthia,Dialister invisus,Veillonella parvula_A,Phascolarctobacterium_A succinatutens,Acidaminococcus fermentans,Mitsuokella multacida,Ligilactobacillus ruminis,Sutterella wadsworthensis,Acidaminococcus intestini,Phascolarctobacterium_A succinatutens_A,Megasphaera elsdenii
Flavonifractor plautii,0.0,2.0,2.0,2.0,2.0,2.0,2.0,2.0,2.0,2.0,2.0,2.0,2.0,2.0,2.0,2.0,6.0,6.0,6.0,5.0,6.0,6.0,6.0,6.0,6.0,6.0,6.0,6.0,6.0,6.0,5.0,6.0,6.0,5.0,4.0,6.0,6.0,6.0,6.0,6.0,6.0,4.0,5.0,3.0,6.0,5.0,11.0,11.0,11.0,11.0,11.0,11.0,12.0,11.0,11.0,11.0,11.0,11.0,11.0,11.0,11.0,11.0,11.0,11.0,11.0,11.0,11.0,11.0,11.0,11.0,11.0,11.0,10.0,10.0,10.0,10.0,10.0,10.0,11.0,11.0,10.0,10.0,10.0,10.0,10.0,10.0,10.0,10.0,10.0,10.0,10.0,10.0,10.0,10.0,9.0,10.0,10.0,12.0,13.0,13.0,13.0,12.0,10.0,11.0,8.0,8.0,7.0,7.0,7.0,7.0,7.0,7.0,7.0,7.0,7.0,8.0,8.0,8.0,8.0,8.0,9.0,9.0,7.0,7.0,7.0,8.0,6.0,6.0,10.0,8.0,8.0,7.0
Faecalibacterium prausnitzii_C,2.0,0.0,0.0,0.0,0.0,0.0,0.0,0.0,0.0,0.0,0.0,2.0,2.0,2.0,2.0,2.0,6.0,6.0,6.0,5.0,6.0,6.0,6.0,6.0,6.0,6.0,6.0,6.0,6.0,6.0,5.0,6.0,6.0,5.0,4.0,6.0,6.0,6.0,6.0,6.0,6.0,4.0,5.0,3.0,6.0,5.0,11.0,11.0,11.0,11.0,11.0,11.0,12.0,11.0,11.0,11.0,11.0,11.0,11.0,11.0,11.0,11.0,11.0,11.0,11.0,11.0,11.0,11.0,11.0,11.0,11.0,11.0,10.0,10.0,10.0,10.0,10.0,10.0,11.0,11.0,10.0,10.0,10.0,10.0,10.0,10.0,10.0,10.0,10.0,10.0,10.0,10.0,10.0,10.0,9.0,10.0,10.0,12.0,13.0,13.0,13.0,12.0,10.0,11.0,8.0,8.0,7.0,7.0,7.0,7.0,7.0,7.0,7.0,7.0,7.0,8.0,8.0,8.0,8.0,8.0,9.0,9.0,7.0,7.0,7.0,8.0,6.0,6.0,10.0,8.0,8.0,7.0
Faecalibacterium prausnitzii,2.0,0.0,0.0,0.0,0.0,0.0,0.0,0.0,0.0,0.0,0.0,2.0,2.0,2.0,2.0,2.0,6.0,6.0,6.0,5.0,6.0,6.0,6.0,6.0,6.0,6.0,6.0,6.0,6.0,6.0,5.0,6.0,6.0,5.0,4.0,6.0,6.0,6.0,6.0,6.0,6.0,4.0,5.0,3.0,6.0,5.0,11.0,11.0,11.0,11.0,11.0,11.0,12.0,11.0,11.0,11.0,11.0,11.0,11.0,11.0,11.0,11.0,11.0,11.0,11.0,11.0,11.0,11.0,11.0,11.0,11.0,11.0,10.0,10.0,10.0,10.0,10.0,10.0,11.0,11.0,10.0,10.0,10.0,10.0,10.0,10.0,10.0,10.0,10.0,10.0,10.0,10.0,10.0,10.0,9.0,10.0,10.0,12.0,13.0,13.0,13.0,12.0,10.0,11.0,8.0,8.0,7.0,7.0,7.0,7.0,7.0,7.0,7.0,7.0,7.0,8.0,8.0,8.0,8.0,8.0,9.0,9.0,7.0,7.0,7.0,8.0,6.0,6.0,10.0,8.0,8.0,7.0
Faecalibacterium sp900539885,2.0,0.0,0.0,0.0,0.0,0.0,0.0,0.0,0.0,0.0,0.0,2.0,2.0,2.0,2.0,2.0,6.0,6.0,6.0,5.0,6.0,6.0,6.0,6.0,6.0,6.0,6.0,6.0,6.0,6.0,5.0,6.0,6.0,5.0,4.0,6.0,6.0,6.0,6.0,6.0,6.0,4.0,5.0,3.0,6.0,5.0,11.0,11.0,11.0,11.0,11.0,11.0,12.0,11.0,11.0,11.0,11.0,11.0,11.0,11.0,11.0,11.0,11.0,11.0,11.0,11.0,11.0,11.0,11.0,11.0,11.0,11.0,10.0,10.0,10.0,10.0,10.0,10.0,11.0,11.0,10.0,10.0,10.0,10.0,10.0,10.0,10.0,10.0,10.0,10.0,10.0,10.0,10.0,10.0,9.0,10.0,10.0,12.0,13.0,13.0,13.0,12.0,10.0,11.0,8.0,8.0,7.0,7.0,7.0,7.0,7.0,7.0,7.0,7.0,7.0,8.0,8.0,8.0,8.0,8.0,9.0,9.0,7.0,7.0,7.0,8.0,6.0,6.0,10.0,8.0,8.0,7.0
Faecalibacterium prausnitzii_G,2.0,0.0,0.0,0.0,0.0,0.0,0.0,0.0,0.0,0.0,0.0,2.0,2.0,2.0,2.0,2.0,6.0,6.0,6.0,5.0,6.0,6.0,6.0,6.0,6.0,6.0,6.0,6.0,6.0,6.0,5.0,6.0,6.0,5.0,4.0,6.0,6.0,6.0,6.0,6.0,6.0,4.0,5.0,3.0,6.0,5.0,11.0,11.0,11.0,11.0,11.0,11.0,12.0,11.0,11.0,11.0,11.0,11.0,11.0,11.0,11.0,11.0,11.0,11.0,11.0,11.0,11.0,11.0,11.0,11.0,11.0,11.0,10.0,10.0,10.0,10.0,10.0,10.0,11.0,11.0,10.0,10.0,10.0,10.0,10.0,10.0,10.0,10.0,10.0,10.0,10.0,10.0,10.0,10.0,9.0,10.0,10.0,12.0,13.0,13.0,13.0,12.0,10.0,11.0,8.0,8.0,7.0,7.0,7.0,7.0,7.0,7.0,7.0,7.0,7.0,8.0,8.0,8.0,8.0,8.0,9.0,9.0,7.0,7.0,7.0,8.0,6.0,6.0,10.0,8.0,8.0,7.0
Faecalibacterium prausnitzii_J,2.0,0.0,0.0,0.0,0.0,0.0,0.0,0.0,0.0,0.0,0.0,2.0,2.0,2.0,2.0,2.0,6.0,6.0,6.0,5.0,6.0,6.0,6.0,6.0,6.0,6.0,6.0,6.0,6.0,6.0,5.0,6.0,6.0,5.0,4.0,6.0,6.0,6.0,6.0,6.0,6.0,4.0,5.0,3.0,6.0,5.0,11.0,11.0,11.0,11.0,11.0,11.0,12.0,11.0,11.0,11.0,11.0,11.0,11.0,11.0,11.0,11.0,11.0,11.0,11.0,11.0,11.0,11.0,11.0,11.0,11.0,11.0,10.0,10.0,10.0,10.0,10.0,10.0,11.0,11.0,10.0,10.0,10.0,10.0,10.0,10.0,10.0,10.0,10.0,10.0,10.0,10.0,10.0,10.0,9.0,10.0,10.0,12.0,13.0,13.0,13.0,12.0,10.0,11.0,8.0,8.0,7.0,7.0,7.0,7.0,7.0,7.0,7.0,7.0,7.0,8.0,8.0,8.0,8.0,8.0,9.0,9.0,7.0,7.0,7.0,8.0,6.0,6.0,10.0,8.0,8.0,7.0
Faecalibacterium prausnitzii_A,2.0,0.0,0.0,0.0,0.0,0.0,0.0,0.0,0.0,0.0,0.0,2.0,2.0,2.0,2.0,2.0,6.0,6.0,6.0,5.0,6.0,6.0,6.0,6.0,6.0,6.0,6.0,6.0,6.0,6.0,5.0,6.0,6.0,5.0,4.0,6.0,6.0,6.0,6.0,6.0,6.0,4.0,5.0,3.0,6.0,5.0,11.0,11.0,11.0,11.0,11.0,11.0,12.0,11.0,11.0,11.0,11.0,11.0,11.0,11.0,11.0,11.0,11.0,11.0,11.0,11.0,11.0,11.0,11.0,11.0,11.0,11.0,10.0,10.0,10.0,10.0,10.0,10.0,11.0,11.0,10.0,10.0,10.0,10.0,10.0,10.0,10.0,10.0,10.0,10.0,10.0,10.0,10.0,10.0,9.0,10.0,10.0,12.0,13.0,13.0,13.0,12.0,10.0,11.0,8.0,8.0,7.0,7.0,7.0,7.0,7.0,7.0,7.0,7.0,7.0,8.0,8.0,8.0,8.0,8.0,9.0,9.0,7.0,7.0,7.0,8.0,6.0,6.0,10.0,8.0,8.0,7.0
Faecalibacterium sp900758465,2.0,0.0,0.0,0.0,0.0,0.0,0.0,0.0,0.0,0.0,0.0,2.0,2.0,2.0,2.0,2.0,6.0,6.0,6.0,5.0,6.0,6.0,6.0,6.0,6.0,6.0,6.0,6.0,6.0,6.0,5.0,6.0,6.0,5.0,4.0,6.0,6.0,6.0,6.0,6.0,6.0,4.0,5.0,3.0,6.0,5.0,11.0,11.0,11.0,11.0,11.0,11.0,12.0,11.0,11.0,11.0,11.0,11.0,11.0,11.0,11.0,11.0,11.0,11.0,11.0,11.0,11.0,11.0,11.0,11.0,11.0,11.0,10.0,10.0,10.0,10.0,10.0,10.0,11.0,11.0,10.0,10.0,10.0,10.0,10.0,10.0,10.0,10.0,10.0,10.0,10.0,10.0,10.0,10.0,9.0,10.0,10.0,12.0,13.0,13.0,13.0,12.0,10.0,11.0,8.0,8.0,7.0,7.0,7.0,7.0,7.0,7.0,7.0,7.0,7.0,8.0,8.0,8.0,8.0,8.0,9.0,9.0,7.0,7.0,7.0,8.0,6.0,6.0,10.0,8.0,8.0,7.0
Faecalibacterium prausnitzii_H,2.0,0.0,0.0,0.0,0.0,0.0,0.0,0.0,0.0,0.0,0.0,2.0,2.0,2.0,2.0,2.0,6.0,6.0,6.0,5.0,6.0,6.0,6.0,6.0,6.0,6.0,6.0,6.0,6.0,6.0,5.0,6.0,6.0,5.0,4.0,6.0,6.0,6.0,6.0,6.0,6.0,4.0,5.0,3.0,6.0,5.0,11.0,11.0,11.0,11.0,11.0,11.0,12.0,11.0,11.0,11.0,11.0,11.0,11.0,11.0,11.0,11.0,11.0,11.0,11.0,11.0,11.0,11.0,11.0,11.0,11.0,11.0,10.0,10.0,10.0,10.0,10.0,10.0,11.0,11.0,10.0,10.0,10.0,10.0,10.0,10.0,10.0,10.0,10.0,10.0,10.0,10.0,10.0,10.0,9.0,10.0,10.0,12.0,13.0,13.0,13.0,12.0,10.0,11.0,8.0,8.0,7.0,7.0,7.0,7.0,7.0,7.0,7.0,7.0,7.0,8.0,8.0,8.0,8.0,8.0,9.0,9.0,7.0,7.0,7.0,8.0,6.0,6.0,10.0,8.0,8.0,7.0
Faecalibacterium prausnitzii_E,2.0,0.0,0.0,0.0,0.0,0.0,0.0,0.0,0.0,0.0,0.0,2.0,2.0,2.0,2.0,2.0,6.0,6.0,6.0,5.0,6.0,6.0,6.0,6.0,6.0,6.0,6.0,6.0,6.0,6.0,5.0,6.0,6.0,5.0,4.0,6.0,6.0,6.0,6.0,6.0,6.0,4.0,5.0,3.0,6.0,5.0,11.0,11.0,11.0,11.0,11.0,11.0,12.0,11.0,11.0,11.0,11.0,11.0,11.0,11.0,11.0,11.0,11.0,11.0,11.0,11.0,11.0,11.0,11.0,11.0,11.0,11.0,10.0,10.0,10.0,10.0,10.0,10.0,11.0,11.0,10.0,10.0,10.0,10.0,10.0,10.0,10.0,10.0,10.0,10.0,10.0,10.0,10.0,10.0,9.0,10.0,10.0,12.0,13.0,13.0,13.0,12.0,10.0,11.0,8.0,8.0,7.0,7.0,7.0,7.0,7.0,7.0,7.0,7.0,7.0,8.0,8.0,8.0,8.0,8.0,9.0,9.0,7.0,7.0,7.0,8.0,6.0,6.0,10.0,8.0,8.0,7.0
Faecalibacterium prausnitzii_F,2.0,0.0,0.0,0.0,0.0,0.0,0.0,0.0,0.0,0.0,0.0,2.0,2.0,2.0,2.0,2.0,6.0,6.0,6.0,5.0,6.0,6.0,6.0,6.0,6.0,6.0,6.0,6.0,6.0,6.0,5.0,6.0,6.0,5.0,4.0,6.0,6.0,6.0,6.0,6.0,6.0,4.0,5.0,3.0,6.0,5.0,11.0,11.0,11.0,11.0,11.0,11.0,12.0,11.0,11.0,11.0,11.0,11.0,11.0,11.0,11.0,11.0,11.0,11.0,11.0,11.0,11.0,11.0,11.0,11.0,11.0,11.0,10.0,10.0,10.0,10.0,10.0,10.0,11.0,11.0,10.0,10.0,10.0,10.0,10.0,10.0,10.0,10.0,10.0,10.0,10.0,10.0,10.0,10.0,9.0,10.0,10.0,12.0,13.0,13.0,13.0,12.0,10.0,11.0,8.0,8.0,7.0,7.0,7.0,7.0,7.0,7.0,7.0,7.0,7.0,8.0,8.0,8.0,8.0,8.0,9.0,9.0,7.0,7.0,7.0,8.0,6.0,6.0,10.0,8.0,8.0,7.0
Gemmiger formicilis,2.0,2.0,2.0,2.0,2.0,2.0,2.0,2.0,2.0,2.0,2.0,0.0,0.0,2.0,2.0,2.0,6.0,6.0,6.0,5.0,6.0,6.0,6.0,6.0,6.0,6.0,6.0,6.0,6.0,6.0,5.0,6.0,6.0,5.0,4.0,6.0,6.0,6.0,6.0,6.0,6.0,4.0,5.0,3.0,6.0,5.0,11.0,11.0,11.0,11.0,11.0,11.0,12.0,11.0,11.0,11.0,11.0,11.0,11.0,11.0,11.0,11.0,11.0,11.0,11.0,11.0,11.0,11.0,11.0,11.0,11.0,11.0,10.0,10.0,10.0,10.0,10.0,10.0,11.0,11.0,10.0,10.0,10.0,10.0,10.0,10.0,10.0,10.0,10.0,10.0,10.0,10.0,10.0,10.0,9.0,10.0,10.0,12.0,13.0,13.0,13.0,12.0,10.0,11.0,8.0,8.0,7.0,7.0,7.0,7.0,7.0,7.0,7.0,7.0,7.0,8.0,8.0,8.0,8.0,8.0,9.0,9.0,7.0,7.0,7.0,8.0,6.0,6.0,10.0,8.0,8.0,7.0
Gemmiger sp900540775,2.0,2.0,2.0,2.0,2.0,2.0,2.0,2.0,2.0,2.0,2.0,0.0,0.0,2.0,2.0,2.0,6.0,6.0,6.0,5.0,6.0,6.0,6.0,6.0,6.0,6.0,6.0,6.0,6.0,6.0,5.0,6.0,6.0,5.0,4.0,6.0,6.0,6.0,6.0,6.0,6.0,4.0,5.0,3.0,6.0,5.0,11.0,11.0,11.0,11.0,11.0,11.0,12.0,11.0,11.0,11.0,11.0,11.0,11.0,11.0,11.0,11.0,11.0,11.0,11.0,11.0,11.0,11.0,11.0,11.0,11.0,11.0,10.0,10.0,10.0,10.0,10.0,10.0,11.0,11.0,10.0,10.0,10.0,10.0,10.0,10.0,10.0,10.0,10.0,10.0,10.0,10.0,10.0,10.0,9.0,10.0,10.0,12.0,13.0,13.0,13.0,12.0,10.0,11.0,8.0,8.0,7.0,7.0,7.0,7.0,7.0,7.0,7.0,7.0,7.0,8.0,8.0,8.0,8.0,8.0,9.0,9.0,7.0,7.0,7.0,8.0,6.0,6.0,10.0,8.0,8.0,7.0
Anaerotruncus colihominis,2.0,2.0,2.0,2.0,2.0,2.0,2.0,2.0,2.0,2.0,2.0,2.0,2.0,0.0,2.0,2.0,6.0,6.0,6.0,5.0,6.0,6.0,6.0,6.0,6.0,6.0,6.0,6.0,6.0,6.0,5.0,6.0,6.0,5.0,4.0,6.0,6.0,6.0,6.0,6.0,6.0,4.0,5.0,3.0,6.0,5.0,11.0,11.0,11.0,11.0,11.0,11.0,12.0,11.0,11.0,11.0,11.0,11.0,11.0,11.0,11.0,11.0,11.0,11.0,11.0,11.0,11.0,11.0,11.0,11.0,11.0,11.0,10.0,10.0,10.0,10.0,10.0,10.0,11.0,11.0,10.0,10.0,10.0,10.0,10.0,10.0,10.0,10.0,10.0,10.0,10.0,10.0,10.0,10.0,9.0,10.0,10.0,12.0,13.0,13.0,13.0,12.0,10.0,11.0,8.0,8.0,7.0,7.0,7.0,7.0,7.0,7.0,7.0,7.0,7.0,8.0,8.0,8.0,8.0,8.0,9.0,9.0,7.0,7.0,7.0,8.0,6.0,6.0,10.0,8.0,8.0,7.0
Ruminococcus_E bromii_B,2.0,2.0,2.0,2.0,2.0,2.0,2.0,2.0,2.0,2.0,2.0,2.0,2.0,2.0,0.0,0.0,6.0,6.0,6.0,5.0,6.0,6.0,6.0,6.0,6.0,6.0,6.0,6.0,6.0,6.0,5.0,6.0,6.0,5.0,4.0,6.0,6.0,6.0,6.0,6.0,6.0,4.0,5.0,3.0,6.0,5.0,11.0,11.0,11.0,11.0,11.0,11.0,12.0,11.0,11.0,11.0,11.0,11.0,11.0,11.0,11.0,11.0,11.0,11.0,11.0,11.0,11.0,11.0,11.0,11.0,11.0,11.0,10.0,10.0,10.0,10.0,10.0,10.0,11.0,11.0,10.0,10.0,10.0,10.0,10.0,10.0,10.0,10.0,10.0,10.0,10.0,10.0,10.0,10.0,9.0,10.0,10.0,12.0,13.0,13.0,13.0,12.0,10.0,11.0,8.0,8.0,7.0,7.0,7.0,7.0,7.0,7.0,7.0,7.0,7.0,8.0,8.0,8.0,8.0,8.0,9.0,9.0,7.0,7.0,7.0,8.0,6.0,6.0,10.0,8.0,8.0,7.0
Ruminococcus_E bromii,2.0,2.0,2.0,2.0,2.0,2.0,2.0,2.0,2.0,2.0,2.0,2.0,2.0,2.0,0.0,0.0,6.0,6.0,6.0,5.0,6.0,6.0,6.0,6.0,6.0,6.0,6.0,6.0,6.0,6.0,5.0,6.0,6.0,5.0,4.0,6.0,6.0,6.0,6.0,6.0,6.0,4.0,5.0,3.0,6.0,5.0,11.0,11.0,11.0,11.0,11.0,11.0,12.0,11.0,11.0,11.0,11.0,11.0,11.0,11.0,11.0,11.0,11.0,11.0,11.0,11.0,11.0,11.0,11.0,11.0,11.0,11.0,10.0,10.0,10.0,10.0,10.0,10.0,11.0,11.0,10.0,10.0,10.0,10.0,10.0,10.0,10.0,10.0,10.0,10.0,10.0,10.0,10.0,10.0,9.0,10.0,10.0,12.0,13.0,13.0,13.0,12.0,10.0,11.0,8.0,8.0,7.0,7.0,7.0,7.0,7.0,7.0,7.0,7.0,7.0,8.0,8.0,8.0,8.0,8.0,9.0,9.0,7.0,7.0,7.0,8.0,6.0,6.0,10.0,8.0,8.0,7.0
Blautia_A obeum,6.0,6.0,6.0,6.0,6.0,6.0,6.0,6.0,6.0,6.0,6.0,6.0,6.0,6.0,6.0,6.0,0.0,2.0,2.0,3.0,4.0,4.0,4.0,4.0,4.0,4.0,4.0,4.0,4.0,4.0,3.0,4.0,4.0,3.0,6.0,4.0,4.0,4.0,4.0,4.0,4.0,6.0,3.0,5.0,4.0,3.0,11.0,11.0,11.0,11.0,11.0,11.0,12.0,11.0,11.0,11.0,11.0,11.0,11.0,11.0,11.0,11.0,11.0,11.0,11.0,11.0,11.0,11.0,11.0,11.0,11.0,11.0,10.0,10.0,10.0,10.0,10.0,10.0,11.0,11.0,10.0,10.0,10.0,10.0,10.0,10.0,10.0,10.0,10.0,10.0,10.0,10.0,10.0,10.0,9.0,10.0,10.0,12.0,13.0,13.0,13.0,12.0,10.0,11.0,8.0,8.0,7.0,7.0,7.0,7.0,7.0,7.0,7.0,7.0,7.0,8.0,8.0,8.0,8.0,8.0,9.0,9.0,7.0,7.0,7.0,8.0,6.0,6.0,10.0,8.0,8.0,7.0
Blautia_A wexlerae,6.0,6.0,6.0,6.0,6.0,6.0,6.0,6.0,6.0,6.0,6.0,6.0,6.0,6.0,6.0,6.0,2.0,0.0,0.0,3.0,4.0,4.0,4.0,4.0,4.0,4.0,4.0,4.0,4.0,4.0,3.0,4.0,4.0,3.0,6.0,4.0,4.0,4.0,4.0,4.0,4.0,6.0,3.0,5.0,4.0,3.0,11.0,11.0,11.0,11.0,11.0,11.0,12.0,11.0,11.0,11.0,11.0,11.0,11.0,11.0,11.0,11.0,11.0,11.0,11.0,11.0,11.0,11.0,11.0,11.0,11.0,11.0,10.0,10.0,10.0,10.0,10.0,10.0,11.0,11.0,10.0,10.0,10.0,10.0,10.0,10.0,10.0,10.0,10.0,10.0,10.0,10.0,10.0,10.0,9.0,10.0,10.0,12.0,13.0,13.0,13.0,12.0,10.0,11.0,8.0,8.0,7.0,7.0,7.0,7.0,7.0,7.0,7.0,7.0,7.0,8.0,8.0,8.0,8.0,8.0,9.0,9.0,7.0,7.0,7.0,8.0,6.0,6.0,10.0,8.0,8.0,7.0
Blautia_A wexlerae_B,6.0,6.0,6.0,6.0,6.0,6.0,6.0,6.0,6.0,6.0,6.0,6.0,6.0,6.0,6.0,6.0,2.0,0.0,0.0,3.0,4.0,4.0,4.0,4.0,4.0,4.0,4.0,4.0,4.0,4.0,3.0,4.0,4.0,3.0,6.0,4.0,4.0,4.0,4.0,4.0,4.0,6.0,3.0,5.0,4.0,3.0,11.0,11.0,11.0,11.0,11.0,11.0,12.0,11.0,11.0,11.0,11.0,11.0,11.0,11.0,11.0,11.0,11.0,11.0,11.0,11.0,11.0,11.0,11.0,11.0,11.0,11.0,10.0,10.0,10.0,10.0,10.0,10.0,11.0,11.0,10.0,10.0,10.0,10.0,10.0,10.0,10.0,10.0,10.0,10.0,10.0,10.0,10.0,10.0,9.0,10.0,10.0,12.0,13.0,13.0,13.0,12.0,10.0,11.0,8.0,8.0,7.0,7.0,7.0,7.0,7.0,7.0,7.0,7.0,7.0,8.0,8.0,8.0,8.0,8.0,9.0,9.0,7.0,7.0,7.0,8.0,6.0,6.0,10.0,8.0,8.0,7.0
Agathobacter sp900317585,5.0,5.0,5.0,5.0,5.0,5.0,5.0,5.0,5.0,5.0,5.0,5.0,5.0,5.0,5.0,5.0,3.0,3.0,3.0,0.0,3.0,3.0,3.0,3.0,3.0,3.0,3.0,3.0,3.0,3.0,2.0,3.0,3.0,2.0,5.0,3.0,3.0,3.0,3.0,3.0,3.0,5.0,2.0,4.0,3.0,2.0,10.0,10.0,10.0,10.0,10.0,10.0,11.0,10.0,10.0,10.0,10.0,10.0,10.0,10.0,10.0,10.0,10.0,10.0,10.0,10.0,10.0,10.0,10.0,10.0,10.0,10.0,9.0,9.0,9.0,9.0,9.0,9.0,10.0,10.0,9.0,9.0,9.0,9.0,9.0,9.0,9.0,9.0,9.0,9.0,9.0,9.0,9.0,9.0,8.0,9.0,9.0,11.0,12.0,12.0,12.0,11.0,9.0,10.0,7.0,7.0,6.0,6.0,6.0,6.0,6.0,6.0,6.0,6.0,6.0,7.0,7.0,7.0,7.0,7.0,8.0,8.0,6.0,6.0,6.0,7.0,5.0,5.0,9.0,7.0,7.0,6.0
Mediterraneibacter faecis,6.0,6.0,6.0,6.0,6.0,6.0,6.0,6.0,6.0,6.0,6.0,6.0,6.0,6.0,6.0,6.0,4.0,4.0,4.0,3.0,0.0,0.0,2.0,4.0,4.0,4.0,4.0,4.0,4.0,4.0,3.0,4.0,4.0,3.0,6.0,4.0,4.0,4.0,4.0,4.0,4.0,6.0,3.0,5.0,2.0,3.0,11.0,11.0,11.0,11.0,11.0,11.0,12.0,11.0,11.0,11.0,11.0,11.0,11.0,11.0,11.0,11.0,11.0,11.0,11.0,11.0,11.0,11.0,11.0,11.0,11.0,11.0,10.0,10.0,10.0,10.0,10.0,10.0,11.0,11.0,10.0,10.0,10.0,10.0,10.0,10.0,10.0,10.0,10.0,10.0,10.0,10.0,10.0,10.0,9.0,10.0,10.0,12.0,13.0,13.0,13.0,12.0,10.0,11.0,8.0,8.0,7.0,7.0,7.0,7.0,7.0,7.0,7.0,7.0,7.0,8.0,8.0,8.0,8.0,8.0,9.0,9.0,7.0,7.0,7.0,8.0,6.0,6.0,10.0,8.0,8.0,7.0
Mediterraneibacter torques,6.0,6.0,6.0,6.0,6.0,6.0,6.0,6.0,6.0,6.0,6.0,6.0,6.0,6.0,6.0,6.0,4.0,4.0,4.0,3.0,0.0,0.0,2.0,4.0,4.0,4.0,4.0,4.0,4.0,4.0,3.0,4.0,4.0,3.0,6.0,4.0,4.0,4.0,4.0,4.0,4.0,6.0,3.0,5.0,2.0,3.0,11.0,11.0,11.0,11.0,11.0,11.0,12.0,11.0,11.0,11.0,11.0,11.0,11.0,11.0,11.0,11.0,11.0,11.0,11.0,11.0,11.0,11.0,11.0,11.0,11.0,11.0,10.0,10.0,10.0,10.0,10.0,10.0,11.0,11.0,10.0,10.0,10.0,10.0,10.0,10.0,10.0,10.0,10.0,10.0,10.0,10.0,10.0,10.0,9.0,10.0,10.0,12.0,13.0,13.0,13.0,12.0,10.0,11.0,8.0,8.0,7.0,7.0,7.0,7.0,7.0,7.0,7.0,7.0,7.0,8.0,8.0,8.0,8.0,8.0,9.0,9.0,7.0,7.0,7.0,8.0,6.0,6.0,10.0,8.0,8.0,7.0
Mediterraneibacter lactaris,6.0,6.0,6.0,6.0,6.0,6.0,6.0,6.0,6.0,6.0,6.0,6.0,6.0,6.0,6.0,6.0,4.0,4.0,4.0,3.0,2.0,2.0,0.0,4.0,4.0,4.0,4.0,4.0,4.0,4.0,3.0,4.0,4.0,3.0,6.0,4.0,4.0,4.0,4.0,4.0,4.0,6.0,3.0,5.0,2.0,3.0,11.0,11.0,11.0,11.0,11.0,11.0,12.0,11.0,11.0,11.0,11.0,11.0,11.0,11.0,11.0,11.0,11.0,11.0,11.0,11.0,11.0,11.0,11.0,11.0,11.0,11.0,10.0,10.0,10.0,10.0,10.0,10.0,11.0,11.0,10.0,10.0,10.0,10.0,10.0,10.0,10.0,10.0,10.0,10.0,10.0,10.0,10.0,10.0,9.0,10.0,10.0,12.0,13.0,13.0,13.0,12.0,10.0,11.0,8.0,8.0,7.0,7.0,7.0,7.0,7.0,7.0,7.0,7.0,7.0,8.0,8.0,8.0,8.0,8.0,9.0,9.0,7.0,7.0,7.0,8.0,6.0,6.0,10.0,8.0,8.0,7.0
Enterocloster bolteae,6.0,6.0,6.0,6.0,6.0,6.0,6.0,6.0,6.0,6.0,6.0,6.0,6.0,6.0,6.0,6.0,4.0,4.0,4.0,3.0,4.0,4.0,4.0,0.0,2.0,2.0,2.0,4.0,4.0,4.0,3.0,4.0,4.0,3.0,6.0,4.0,4.0,4.0,4.0,4.0,4.0,6.0,3.0,5.0,4.0,3.0,11.0,11.0,11.0,11.0,11.0,11.0,12.0,11.0,11.0,11.0,11.0,11.0,11.0,11.0,11.0,11.0,11.0,11.0,11.0,11.0,11.0,11.0,11.0,11.0,11.0,11.0,10.0,10.0,10.0,10.0,10.0,10.0,11.0,11.0,10.0,10.0,10.0,10.0,10.0,10.0,10.0,10.0,10.0,10.0,10.0,10.0,10.0,10.0,9.0,10.0,10.0,12.0,13.0,13.0,13.0,12.0,10.0,11.0,8.0,8.0,7.0,7.0,7.0,7.0,7.0,7.0,7.0,7.0,7.0,8.0,8.0,8.0,8.0,8.0,9.0,9.0,7.0,7.0,7.0,8.0,6.0,6.0,10.0,8.0,8.0,7.0
Enterocloster citroniae,6.0,6.0,6.0,6.0,6.0,6.0,6.0,6.0,6.0,6.0,6.0,6.0,6.0,6.0,6.0,6.0,4.0,4.0,4.0,3.0,4.0,4.0,4.0,2.0,0.0,2.0,2.0,4.0,4.0,4.0,3.0,4.0,4.0,3.0,6.0,4.0,4.0,4.0,4.0,4.0,4.0,6.0,3.0,5.0,4.0,3.0,11.0,11.0,11.0,11.0,11.0,11.0,12.0,11.0,11.0,11.0,11.0,11.0,11.0,11.0,11.0,11.0,11.0,11.0,11.0,11.0,11.0,11.0,11.0,11.0,11.0,11.0,10.0,10.0,10.0,10.0,10.0,10.0,11.0,11.0,10.0,10.0,10.0,10.0,10.0,10.0,10.0,10.0,10.0,10.0,10.0,10.0,10.0,10.0,9.0,10.0,10.0,12.0,13.0,13.0,13.0,12.0,10.0,11.0,8.0,8.0,7.0,7.0,7.0,7.0,7.0,7.0,7.0,7.0,7.0,8.0,8.0,8.0,8.0,8.0,9.0,9.0,7.0,7.0,7.0,8.0,6.0,6.0,10.0,8.0,8.0,7.0
Enterocloster asparagiformis,6.0,6.0,6.0,6.0,6.0,6.0,6.0,6.0,6.0,6.0,6.0,6.0,6.0,6.0,6.0,6.0,4.0,4.0,4.0,3.0,4.0,4.0,4.0,2.0,2.0,0.0,2.0,4.0,4.0,4.0,3.0,4.0,4.0,3.0,6.0,4.0,4.0,4.0,4.0,4.0,4.0,6.0,3.0,5.0,4.0,3.0,11.0,11.0,11.0,11.0,11.0,11.0,12.0,11.0,11.0,11.0,11.0,11.0,11.0,11.0,11.0,11.0,11.0,11.0,11.0,11.0,11.0,11.0,11.0,11.0,11.0,11.0,10.0,10.0,10.0,10.0,10.0,10.0,11.0,11.0,10.0,10.0,10.0,10.0,10.0,10.0,10.0,10.0,10.0,10.0,10.0,10.0,10.0,10.0,9.0,10.0,10.0,12.0,13.0,13.0,13.0,12.0,10.0,11.0,8.0,8.0,7.0,7.0,7.0,7.0,7.0,7.0,7.0,7.0,7.0,8.0,8.0,8.0,8.0,8.0,9.0,9.0,7.0,7.0,7.0,8.0,6.0,6.0,10.0,8.0,8.0,7.0
Enterocloster clostridioformis,6.0,6.0,6.0,6.0,6.0,6.0,6.0,6.0,6.0,6.0,6.0,6.0,6.0,6.0,6.0,6.0,4.0,4.0,4.0,3.0,4.0,4.0,4.0,2.0,2.0,2.0,0.0,4.0,4.0,4.0,3.0,4.0,4.0,3.0,6.0,4.0,4.0,4.0,4.0,4.0,4.0,6.0,3.0,5.0,4.0,3.0,11.0,11.0,11.0,11.0,11.0,11.0,12.0,11.0,11.0,11.0,11.0,11.0,11.0,11.0,11.0,11.0,11.0,11.0,11.0,11.0,11.0,11.0,11.0,11.0,11.0,11.0,10.0,10.0,10.0,10.0,10.0,10.0,11.0,11.0,10.0,10.0,10.0,10.0,10.0,10.0,10.0,10.0,10.0,10.0,10.0,10.0,10.0,10.0,9.0,10.0,10.0,12.0,13.0,13.0,13.0,12.0,10.0,11.0,8.0,8.0,7.0,7.0,7.0,7.0,7.0,7.0,7.0,7.0,7.0,8.0,8.0,8.0,8.0,8.0,9.0,9.0,7.0,7.0,7.0,8.0,6.0,6.0,10.0,8.0,8.0,7.0
Coprococcus eutactus,6.0,6.0,6.0,6.0,6.0,6.0,6.0,6.0,6.0,6.0,6.0,6.0,6.0,6.0,6.0,6.0,4.0,4.0,4.0,3.0,4.0,4.0,4.0,4.0,4.0,4.0,4.0,0.0,4.0,4.0,3.0,4.0,4.0,3.0,6.0,2.0,2.0,4.0,4.0,4.0,2.0,6.0,3.0,5.0,4.0,3.0,11.0,11.0,11.0,11.0,11.0,11.0,12.0,11.0,11.0,11.0,11.0,11.0,11.0,11.0,11.0,11.0,11.0,11.0,11.0,11.0,11.0,11.0,11.0,11.0,11.0,11.0,10.0,10.0,10.0,10.0,10.0,10.0,11.0,11.0,10.0,10.0,10.0,10.0,10.0,10.0,10.0,10.0,10.0,10.0,10.0,10.0,10.0,10.0,9.0,10.0,10.0,12.0,13.0,13.0,13.0,12.0,10.0,11.0,8.0,8.0,7.0,7.0,7.0,7.0,7.0,7.0,7.0,7.0,7.0,8.0,8.0,8.0,8.0,8.0,9.0,9.0,7.0,7.0,7.0,8.0,6.0,6.0,10.0,8.0,8.0,7.0
Dorea_A longicatena_B,6.0,6.0,6.0,6.0,6.0,6.0,6.0,6.0,6.0,6.0,6.0,6.0,6.0,6.0,6.0,6.0,4.0,4.0,4.0,3.0,4.0,4.0,4.0,4.0,4.0,4.0,4.0,4.0,0.0,0.0,3.0,4.0,4.0,3.0,6.0,4.0,4.0,4.0,4.0,2.0,4.0,6.0,3.0,5.0,4.0,3.0,11.0,11.0,11.0,11.0,11.0,11.0,12.0,11.0,11.0,11.0,11.0,11.0,11.0,11.0,11.0,11.0,11.0,11.0,11.0,11.0,11.0,11.0,11.0,11.0,11.0,11.0,10.0,10.0,10.0,10.0,10.0,10.0,11.0,11.0,10.0,10.0,10.0,10.0,10.0,10.0,10.0,10.0,10.0,10.0,10.0,10.0,10.0,10.0,9.0,10.0,10.0,12.0,13.0,13.0,13.0,12.0,10.0,11.0,8.0,8.0,7.0,7.0,7.0,7.0,7.0,7.0,7.0,7.0,7.0,8.0,8.0,8.0,8.0,8.0,9.0,9.0,7.0,7.0,7.0,8.0,6.0,6.0,10.0,8.0,8.0,7.0
Dorea_A longicatena,6.0,6.0,6.0,6.0,6.0,6.0,6.0,6.0,6.0,6.0,6.0,6.0,6.0,6.0,6.0,6.0,4.0,4.0,4.0,3.0,4.0,4.0,4.0,4.0,4.0,4.0,4.0,4.0,0.0,0.0,3.0,4.0,4.0,3.0,6.0,4.0,4.0,4.0,4.0,2.0,4.0,6.0,3.0,5.0,4.0,3.0,11.0,11.0,11.0,11.0,11.0,11.0,12.0,11.0,11.0,11.0,11.0,11.0,11.0,11.0,11.0,11.0,11.0,11.0,11.0,11.0,11.0,11.0,11.0,11.0,11.0,11.0,10.0,10.0,10.0,10.0,10.0,10.0,11.0,11.0,10.0,10.0,10.0,10.0,10.0,10.0,10.0,10.0,10.0,10.0,10.0,10.0,10.0,10.0,9.0,10.0,10.0,12.0,13.0,13.0,13.0,12.0,10.0,11.0,8.0,8.0,7.0,7.0,7.0,7.0,7.0,7.0,7.0,7.0,7.0,8.0,8.0,8.0,8.0,8.0,9.0,9.0,7.0,7.0,7.0,8.0,6.0,6.0,10.0,8.0,8.0,7.0
Lachnospira eligens_A,5.0,5.0,5.0,5.0,5.0,5.0,5.0,5.0,5.0,5.0,5.0,5.0,5.0,5.0,5.0,5.0,3.0,3.0,3.0,2.0,3.0,3.0,3.0,3.0,3.0,3.0,3.0,3.0,3.0,3.0,0.0,3.0,3.0,2.0,5.0,3.0,3.0,3.0,3.0,3.0,3.0,5.0,2.0,4.0,3.0,2.0,10.0,10.0,10.0,10.0,10.0,10.0,11.0,10.0,10.0,10.0,10.0,10.0,10.0,10.0,10.0,10.0,10.0,10.0,10.0,10.0,10.0,10.0,10.0,10.0,10.0,10.0,9.0,9.0,9.0,9.0,9.0,9.0,10.0,10.0,9.0,9.0,9.0,9.0,9.0,9.0,9.0,9.0,9.0,9.0,9.0,9.0,9.0,9.0,8.0,9.0,9.0,11.0,12.0,12.0,12.0,11.0,9.0,10.0,7.0,7.0,6.0,6.0,6.0,6.0,6.0,6.0,6.0,6.0,6.0,7.0,7.0,7.0,7.0,7.0,8.0,8.0,6.0,6.0,6.0,7.0,5.0,5.0,9.0,7.0,7.0,6.0
Roseburia inulinivorans,6.0,6.0,6.0,6.0,6.0,6.0,6.0,6.0,6.0,6.0,6.0,6.0,6.0,6.0,6.0,6.0,4.0,4.0,4.0,3.0,4.0,4.0,4.0,4.0,4.0,4.0,4.0,4.0,4.0,4.0,3.0,0.0,2.0,3.0,6.0,4.0,4.0,4.0,4.0,4.0,4.0,6.0,3.0,5.0,4.0,3.0,11.0,11.0,11.0,11.0,11.0,11.0,12.0,11.0,11.0,11.0,11.0,11.0,11.0,11.0,11.0,11.0,11.0,11.0,11.0,11.0,11.0,11.0,11.0,11.0,11.0,11.0,10.0,10.0,10.0,10.0,10.0,10.0,11.0,11.0,10.0,10.0,10.0,10.0,10.0,10.0,10.0,10.0,10.0,10.0,10.0,10.0,10.0,10.0,9.0,10.0,10.0,12.0,13.0,13.0,13.0,12.0,10.0,11.0,8.0,8.0,7.0,7.0,7.0,7.0,7.0,7.0,7.0,7.0,7.0,8.0,8.0,8.0,8.0,8.0,9.0,9.0,7.0,7.0,7.0,8.0,6.0,6.0,10.0,8.0,8.0,7.0
Roseburia intestinalis,6.0,6.0,6.0,6.0,6.0,6.0,6.0,6.0,6.0,6.0,6.0,6.0,6.0,6.0,6.0,6.0,4.0,4.0,4.0,3.0,4.0,4.0,4.0,4.0,4.0,4.0,4.0,4.0,4.0,4.0,3.0,2.0,0.0,3.0,6.0,4.0,4.0,4.0,4.0,4.0,4.0,6.0,3.0,5.0,4.0,3.0,11.0,11.0,11.0,11.0,11.0,11.0,12.0,11.0,11.0,11.0,11.0,11.0,11.0,11.0,11.0,11.0,11.0,11.0,11.0,11.0,11.0,11.0,11.0,11.0,11.0,11.0,10.0,10.0,10.0,10.0,10.0,10.0,11.0,11.0,10.0,10.0,10.0,10.0,10.0,10.0,10.0,10.0,10.0,10.0,10.0,10.0,10.0,10.0,9.0,10.0,10.0,12.0,13.0,13.0,13.0,12.0,10.0,11.0,8.0,8.0,7.0,7.0,7.0,7.0,7.0,7.0,7.0,7.0,7.0,8.0,8.0,8.0,8.0,8.0,9.0,9.0,7.0,7.0,7.0,8.0,6.0,6.0,10.0,8.0,8.0,7.0
Anaerostipes hadrus,5.0,5.0,5.0,5.0,5.0,5.0,5.0,5.0,5.0,5.0,5.0,5.0,5.0,5.0,5.0,5.0,3.0,3.0,3.0,2.0,3.0,3.0,3.0,3.0,3.0,3.0,3.0,3.0,3.0,3.0,2.0,3.0,3.0,0.0,5.0,3.0,3.0,3.0,3.0,3.0,3.0,5.0,2.0,4.0,3.0,2.0,10.0,10.0,10.0,10.0,10.0,10.0,11.0,10.0,10.0,10.0,10.0,10.0,10.0,10.0,10.0,10.0,10.0,10.0,10.0,10.0,10.0,10.0,10.0,10.0,10.0,10.0,9.0,9.0,9.0,9.0,9.0,9.0,10.0,10.0,9.0,9.0,9.0,9.0,9.0,9.0,9.0,9.0,9.0,9.0,9.0,9.0,9.0,9.0,8.0,9.0,9.0,11.0,12.0,12.0,12.0,11.0,9.0,10.0,7.0,7.0,6.0,6.0,6.0,6.0,6.0,6.0,6.0,6.0,6.0,7.0,7.0,7.0,7.0,7.0,8.0,8.0,6.0,6.0,6.0,7.0,5.0,5.0,9.0,7.0,7.0,6.0
Eubacterium_G ventriosum,4.0,4.0,4.0,4.0,4.0,4.0,4.0,4.0,4.0,4.0,4.0,4.0,4.0,4.0,4.0,4.0,6.0,6.0,6.0,5.0,6.0,6.0,6.0,6.0,6.0,6.0,6.0,6.0,6.0,6.0,5.0,6.0,6.0,5.0,0.0,6.0,6.0,6.0,6.0,6.0,6.0,2.0,5.0,3.0,6.0,5.0,11.0,11.0,11.0,11.0,11.0,11.0,12.0,11.0,11.0,11.0,11.0,11.0,11.0,11.0,11.0,11.0,11.0,11.0,11.0,11.0,11.0,11.0,11.0,11.0,11.0,11.0,10.0,10.0,10.0,10.0,10.0,10.0,11.0,11.0,10.0,10.0,10.0,10.0,10.0,10.0,10.0,10.0,10.0,10.0,10.0,10.0,10.0,10.0,9.0,10.0,10.0,12.0,13.0,13.0,13.0,12.0,10.0,11.0,8.0,8.0,7.0,7.0,7.0,7.0,7.0,7.0,7.0,7.0,7.0,8.0,8.0,8.0,8.0,8.0,9.0,9.0,7.0,7.0,7.0,8.0,6.0,6.0,10.0,8.0,8.0,7.0
Bariatricus comes,6.0,6.0,6.0,6.0,6.0,6.0,6.0,6.0,6.0,6.0,6.0,6.0,6.0,6.0,6.0,6.0,4.0,4.0,4.0,3.0,4.0,4.0,4.0,4.0,4.0,4.0,4.0,2.0,4.0,4.0,3.0,4.0,4.0,3.0,6.0,0.0,0.0,4.0,4.0,4.0,2.0,6.0,3.0,5.0,4.0,3.0,11.0,11.0,11.0,11.0,11.0,11.0,12.0,11.0,11.0,11.0,11.0,11.0,11.0,11.0,11.0,11.0,11.0,11.0,11.0,11.0,11.0,11.0,11.0,11.0,11.0,11.0,10.0,10.0,10.0,10.0,10.0,10.0,11.0,11.0,10.0,10.0,10.0,10.0,10.0,10.0,10.0,10.0,10.0,10.0,10.0,10.0,10.0,10.0,9.0,10.0,10.0,12.0,13.0,13.0,13.0,12.0,10.0,11.0,8.0,8.0,7.0,7.0,7.0,7.0,7.0,7.0,7.0,7.0,7.0,8.0,8.0,8.0,8.0,8.0,9.0,9.0,7.0,7.0,7.0,8.0,6.0,6.0,10.0,8.0,8.0,7.0
Bariatricus comes_A,6.0,6.0,6.0,6.0,6.0,6.0,6.0,6.0,6.0,6.0,6.0,6.0,6.0,6.0,6.0,6.0,4.0,4.0,4.0,3.0,4.0,4.0,4.0,4.0,4.0,4.0,4.0,2.0,4.0,4.0,3.0,4.0,4.0,3.0,6.0,0.0,0.0,4.0,4.0,4.0,2.0,6.0,3.0,5.0,4.0,3.0,11.0,11.0,11.0,11.0,11.0,11.0,12.0,11.0,11.0,11.0,11.0,11.0,11.0,11.0,11.0,11.0,11.0,11.0,11.0,11.0,11.0,11.0,11.0,11.0,11.0,11.0,10.0,10.0,10.0,10.0,10.0,10.0,11.0,11.0,10.0,10.0,10.0,10.0,10.0,10.0,10.0,10.0,10.0,10.0,10.0,10.0,10.0,10.0,9.0,10.0,10.0,12.0,13.0,13.0,13.0,12.0,10.0,11.0,8.0,8.0,7.0,7.0,7.0,7.0,7.0,7.0,7.0,7.0,7.0,8.0,8.0,8.0,8.0,8.0,9.0,9.0,7.0,7.0,7.0,8.0,6.0,6.0,10.0,8.0,8.0,7.0
Anaerobutyricum hallii,6.0,6.0,6.0,6.0,6.0,6.0,6.0,6.0,6.0,6.0,6.0,6.0,6.0,6.0,6.0,6.0,4.0,4.0,4.0,3.0,4.0,4.0,4.0,4.0,4.0,4.0,4.0,4.0,4.0,4.0,3.0,4.0,4.0,3.0,6.0,4.0,4.0,0.0,2.0,4.0,4.0,6.0,3.0,5.0,4.0,3.0,11.0,11.0,11.0,11.0,11.0,11.0,12.0,11.0,11.0,11.0,11.0,11.0,11.0,11.0,11.0,11.0,11.0,11.0,11.0,11.0,11.0,11.0,11.0,11.0,11.0,11.0,10.0,10.0,10.0,10.0,10.0,10.0,11.0,11.0,10.0,10.0,10.0,10.0,10.0,10.0,10.0,10.0,10.0,10.0,10.0,10.0,10.0,10.0,9.0,10.0,10.0,12.0,13.0,13.0,13.0,12.0,10.0,11.0,8.0,8.0,7.0,7.0,7.0,7.0,7.0,7.0,7.0,7.0,7.0,8.0,8.0,8.0,8.0,8.0,9.0,9.0,7.0,7.0,7.0,8.0,6.0,6.0,10.0,8.0,8.0,7.0
Anaerobutyricum soehngenii,6.0,6.0,6.0,6.0,6.0,6.0,6.0,6.0,6.0,6.0,6.0,6.0,6.0,6.0,6.0,6.0,4.0,4.0,4.0,3.0,4.0,4.0,4.0,4.0,4.0,4.0,4.0,4.0,4.0,4.0,3.0,4.0,4.0,3.0,6.0,4.0,4.0,2.0,0.0,4.0,4.0,6.0,3.0,5.0,4.0,3.0,11.0,11.0,11.0,11.0,11.0,11.0,12.0,11.0,11.0,11.0,11.0,11.0,11.0,11.0,11.0,11.0,11.0,11.0,11.0,11.0,11.0,11.0,11.0,11.0,11.0,11.0,10.0,10.0,10.0,10.0,10.0,10.0,11.0,11.0,10.0,10.0,10.0,10.0,10.0,10.0,10.0,10.0,10.0,10.0,10.0,10.0,10.0,10.0,9.0,10.0,10.0,12.0,13.0,13.0,13.0,12.0,10.0,11.0,8.0,8.0,7.0,7.0,7.0,7.0,7.0,7.0,7.0,7.0,7.0,8.0,8.0,8.0,8.0,8.0,9.0,9.0,7.0,7.0,7.0,8.0,6.0,6.0,10.0,8.0,8.0,7.0
Dorea formicigenerans,6.0,6.0,6.0,6.0,6.0,6.0,6.0,6.0,6.0,6.0,6.0,6.0,6.0,6.0,6.0,6.0,4.0,4.0,4.0,3.0,4.0,4.0,4.0,4.0,4.0,4.0,4.0,4.0,2.0,2.0,3.0,4.0,4.0,3.0,6.0,4.0,4.0,4.0,4.0,0.0,4.0,6.0,3.0,5.0,4.0,3.0,11.0,11.0,11.0,11.0,11.0,11.0,12.0,11.0,11.0,11.0,11.0,11.0,11.0,11.0,11.0,11.0,11.0,11.0,11.0,11.0,11.0,11.0,11.0,11.0,11.0,11.0,10.0,10.0,10.0,10.0,10.0,10.0,11.0,11.0,10.0,10.0,10.0,10.0,10.0,10.0,10.0,10.0,10.0,10.0,10.0,10.0,10.0,10.0,9.0,10.0,10.0,12.0,13.0,13.0,13.0,12.0,10.0,11.0,8.0,8.0,7.0,7.0,7.0,7.0,7.0,7.0,7.0,7.0,7.0,8.0,8.0,8.0,8.0,8.0,9.0,9.0,7.0,7.0,7.0,8.0,6.0,6.0,10.0,8.0,8.0,7.0
Coprococcus_A catus,6.0,6.0,6.0,6.0,6.0,6.0,6.0,6.0,6.0,6.0,6.0,6.0,6.0,6.0,6.0,6.0,4.0,4.0,4.0,3.0,4.0,4.0,4.0,4.0,4.0,4.0,4.0,2.0,4.0,4.0,3.0,4.0,4.0,3.0,6.0,2.0,2.0,4.0,4.0,4.0,0.0,6.0,3.0,5.0,4.0,3.0,11.0,11.0,11.0,11.0,11.0,11.0,12.0,11.0,11.0,11.0,11.0,11.0,11.0,11.0,11.0,11.0,11.0,11.0,11.0,11.0,11.0,11.0,11.0,11.0,11.0,11.0,10.0,10.0,10.0,10.0,10.0,10.0,11.0,11.0,10.0,10.0,10.0,10.0,10.0,10.0,10.0,10.0,10.0,10.0,10.0,10.0,10.0,10.0,9.0,10.0,10.0,12.0,13.0,13.0,13.0,12.0,10.0,11.0,8.0,8.0,7.0,7.0,7.0,7.0,7.0,7.0,7.0,7.0,7.0,8.0,8.0,8.0,8.0,8.0,9.0,9.0,7.0,7.0,7.0,8.0,6.0,6.0,10.0,8.0,8.0,7.0
Eubacterium_I ramulus,4.0,4.0,4.0,4.0,4.0,4.0,4.0,4.0,4.0,4.0,4.0,4.0,4.0,4.0,4.0,4.0,6.0,6.0,6.0,5.0,6.0,6.0,6.0,6.0,6.0,6.0,6.0,6.0,6.0,6.0,5.0,6.0,6.0,5.0,2.0,6.0,6.0,6.0,6.0,6.0,6.0,0.0,5.0,3.0,6.0,5.0,11.0,11.0,11.0,11.0,11.0,11.0,12.0,11.0,11.0,11.0,11.0,11.0,11.0,11.0,11.0,11.0,11.0,11.0,11.0,11.0,11.0,11.0,11.0,11.0,11.0,11.0,10.0,10.0,10.0,10.0,10.0,10.0,11.0,11.0,10.0,10.0,10.0,10.0,10.0,10.0,10.0,10.0,10.0,10.0,10.0,10.0,10.0,10.0,9.0,10.0,10.0,12.0,13.0,13.0,13.0,12.0,10.0,11.0,8.0,8.0,7.0,7.0,7.0,7.0,7.0,7.0,7.0,7.0,7.0,8.0,8.0,8.0,8.0,8.0,9.0,9.0,7.0,7.0,7.0,8.0,6.0,6.0,10.0,8.0,8.0,7.0
Clostridium_Q symbiosum,5.0,5.0,5.0,5.0,5.0,5.0,5.0,5.0,5.0,5.0,5.0,5.0,5.0,5.0,5.0,5.0,3.0,3.0,3.0,2.0,3.0,3.0,3.0,3.0,3.0,3.0,3.0,3.0,3.0,3.0,2.0,3.0,3.0,2.0,5.0,3.0,3.0,3.0,3.0,3.0,3.0,5.0,0.0,4.0,3.0,2.0,10.0,10.0,10.0,10.0,10.0,10.0,11.0,10.0,10.0,10.0,10.0,10.0,10.0,10.0,10.0,10.0,10.0,10.0,10.0,10.0,10.0,10.0,10.0,10.0,10.0,10.0,9.0,9.0,9.0,9.0,9.0,9.0,10.0,10.0,9.0,9.0,9.0,9.0,9.0,9.0,9.0,9.0,9.0,9.0,9.0,9.0,9.0,9.0,8.0,9.0,9.0,11.0,12.0,12.0,12.0,11.0,9.0,10.0,7.0,7.0,6.0,6.0,6.0,6.0,6.0,6.0,6.0,6.0,6.0,7.0,7.0,7.0,7.0,7.0,8.0,8.0,6.0,6.0,6.0,7.0,5.0,5.0,9.0,7.0,7.0,6.0
Bacteroides_F pectinophilus,3.0,3.0,3.0,3.0,3.0,3.0,3.0,3.0,3.0,3.0,3.0,3.0,3.0,3.0,3.0,3.0,5.0,5.0,5.0,4.0,5.0,5.0,5.0,5.0,5.0,5.0,5.0,5.0,5.0,5.0,4.0,5.0,5.0,4.0,3.0,5.0,5.0,5.0,5.0,5.0,5.0,3.0,4.0,0.0,5.0,4.0,10.0,10.0,10.0,10.0,10.0,10.0,11.0,10.0,10.0,10.0,10.0,10.0,10.0,10.0,10.0,10.0,10.0,10.0,10.0,10.0,10.0,10.0,10.0,10.0,10.0,10.0,9.0,9.0,9.0,9.0,9.0,9.0,10.0,10.0,9.0,9.0,9.0,9.0,9.0,9.0,9.0,9.0,9.0,9.0,9.0,9.0,9.0,9.0,8.0,9.0,9.0,11.0,12.0,12.0,12.0,11.0,9.0,10.0,7.0,7.0,6.0,6.0,6.0,6.0,6.0,6.0,6.0,6.0,6.0,7.0,7.0,7.0,7.0,7.0,8.0,8.0,6.0,6.0,6.0,7.0,5.0,5.0,9.0,7.0,7.0,6.0
Ruminococcus_B gnavus,6.0,6.0,6.0,6.0,6.0,6.0,6.0,6.0,6.0,6.0,6.0,6.0,6.0,6.0,6.0,6.0,4.0,4.0,4.0,3.0,2.0,2.0,2.0,4.0,4.0,4.0,4.0,4.0,4.0,4.0,3.0,4.0,4.0,3.0,6.0,4.0,4.0,4.0,4.0,4.0,4.0,6.0,3.0,5.0,0.0,3.0,11.0,11.0,11.0,11.0,11.0,11.0,12.0,11.0,11.0,11.0,11.0,11.0,11.0,11.0,11.0,11.0,11.0,11.0,11.0,11.0,11.0,11.0,11.0,11.0,11.0,11.0,10.0,10.0,10.0,10.0,10.0,10.0,11.0,11.0,10.0,10.0,10.0,10.0,10.0,10.0,10.0,10.0,10.0,10.0,10.0,10.0,10.0,10.0,9.0,10.0,10.0,12.0,13.0,13.0,13.0,12.0,10.0,11.0,8.0,8.0,7.0,7.0,7.0,7.0,7.0,7.0,7.0,7.0,7.0,8.0,8.0,8.0,8.0,8.0,9.0,9.0,7.0,7.0,7.0,8.0,6.0,6.0,10.0,8.0,8.0,7.0
Hungatella effluvii,5.0,5.0,5.0,5.0,5.0,5.0,5.0,5.0,5.0,5.0,5.0,5.0,5.0,5.0,5.0,5.0,3.0,3.0,3.0,2.0,3.0,3.0,3.0,3.0,3.0,3.0,3.0,3.0,3.0,3.0,2.0,3.0,3.0,2.0,5.0,3.0,3.0,3.0,3.0,3.0,3.0,5.0,2.0,4.0,3.0,0.0,10.0,10.0,10.0,10.0,10.0,10.0,11.0,10.0,10.0,10.0,10.0,10.0,10.0,10.0,10.0,10.0,10.0,10.0,10.0,10.0,10.0,10.0,10.0,10.0,10.0,10.0,9.0,9.0,9.0,9.0,9.0,9.0,10.0,10.0,9.0,9.0,9.0,9.0,9.0,9.0,9.0,9.0,9.0,9.0,9.0,9.0,9.0,9.0,8.0,9.0,9.0,11.0,12.0,12.0,12.0,11.0,9.0,10.0,7.0,7.0,6.0,6.0,6.0,6.0,6.0,6.0,6.0,6.0,6.0,7.0,7.0,7.0,7.0,7.0,8.0,8.0,6.0,6.0,6.0,7.0,5.0,5.0,9.0,7.0,7.0,6.0
Bacteroides uniformis,11.0,11.0,11.0,11.0,11.0,11.0,11.0,11.0,11.0,11.0,11.0,11.0,11.0,11.0,11.0,11.0,11.0,11.0,11.0,10.0,11.0,11.0,11.0,11.0,11.0,11.0,11.0,11.0,11.0,11.0,10.0,11.0,11.0,10.0,11.0,11.0,11.0,11.0,11.0,11.0,11.0,11.0,10.0,10.0,11.0,10.0,0.0,2.0,2.0,2.0,2.0,2.0,3.0,2.0,2.0,2.0,2.0,2.0,2.0,2.0,2.0,2.0,2.0,2.0,2.0,2.0,4.0,4.0,4.0,4.0,4.0,4.0,5.0,5.0,5.0,5.0,5.0,5.0,6.0,6.0,5.0,5.0,5.0,5.0,5.0,5.0,5.0,5.0,5.0,5.0,5.0,5.0,5.0,5.0,4.0,7.0,7.0,9.0,10.0,10.0,10.0,9.0,7.0,8.0,5.0,5.0,10.0,10.0,10.0,10.0,10.0,10.0,10.0,10.0,8.0,9.0,9.0,9.0,9.0,9.0,6.0,6.0,10.0,10.0,10.0,11.0,9.0,9.0,7.0,11.0,11.0,10.0
Bacteroides caccae,11.0,11.0,11.0,11.0,11.0,11.0,11.0,11.0,11.0,11.0,11.0,11.0,11.0,11.0,11.0,11.0,11.0,11.0,11.0,10.0,11.0,11.0,11.0,11.0,11.0,11.0,11.0,11.0,11.0,11.0,10.0,11.0,11.0,10.0,11.0,11.0,11.0,11.0,11.0,11.0,11.0,11.0,10.0,10.0,11.0,10.0,2.0,0.0,2.0,2.0,2.0,2.0,3.0,2.0,2.0,2.0,2.0,2.0,2.0,2.0,2.0,2.0,2.0,2.0,2.0,2.0,4.0,4.0,4.0,4.0,4.0,4.0,5.0,5.0,5.0,5.0,5.0,5.0,6.0,6.0,5.0,5.0,5.0,5.0,5.0,5.0,5.0,5.0,5.0,5.0,5.0,5.0,5.0,5.0,4.0,7.0,7.0,9.0,10.0,10.0,10.0,9.0,7.0,8.0,5.0,5.0,10.0,10.0,10.0,10.0,10.0,10.0,10.0,10.0,8.0,9.0,9.0,9.0,9.0,9.0,6.0,6.0,10.0,10.0,10.0,11.0,9.0,9.0,7.0,11.0,11.0,10.0
Bacteroides cellulosilyticus,11.0,11.0,11.0,11.0,11.0,11.0,11.0,11.0,11.0,11.0,11.0,11.0,11.0,11.0,11.0,11.0,11.0,11.0,11.0,10.0,11.0,11.0,11.0,11.0,11.0,11.0,11.0,11.0,11.0,11.0,10.0,11.0,11.0,10.0,11.0,11.0,11.0,11.0,11.0,11.0,11.0,11.0,10.0,10.0,11.0,10.0,2.0,2.0,0.0,2.0,2.0,0.0,3.0,2.0,2.0,2.0,2.0,2.0,2.0,2.0,2.0,2.0,2.0,2.0,2.0,2.0,4.0,4.0,4.0,4.0,4.0,4.0,5.0,5.0,5.0,5.0,5.0,5.0,6.0,6.0,5.0,5.0,5.0,5.0,5.0,5.0,5.0,5.0,5.0,5.0,5.0,5.0,5.0,5.0,4.0,7.0,7.0,9.0,10.0,10.0,10.0,9.0,7.0,8.0,5.0,5.0,10.0,10.0,10.0,10.0,10.0,10.0,10.0,10.0,8.0,9.0,9.0,9.0,9.0,9.0,6.0,6.0,10.0,10.0,10.0,11.0,9.0,9.0,7.0,11.0,11.0,10.0
Bacteroides timonensis,11.0,11.0,11.0,11.0,11.0,11.0,11.0,11.0,11.0,11.0,11.0,11.0,11.0,11.0,11.0,11.0,11.0,11.0,11.0,10.0,11.0,11.0,11.0,11.0,11.0,11.0,11.0,11.0,11.0,11.0,10.0,11.0,11.0,10.0,11.0,11.0,11.0,11.0,11.0,11.0,11.0,11.0,10.0,10.0,11.0,10.0,2.0,2.0,2.0,0.0,2.0,2.0,3.0,2.0,2.0,2.0,2.0,2.0,2.0,2.0,2.0,2.0,2.0,2.0,2.0,2.0,4.0,4.0,4.0,4.0,4.0,4.0,5.0,5.0,5.0,5.0,5.0,5.0,6.0,6.0,5.0,5.0,5.0,5.0,5.0,5.0,5.0,5.0,5.0,5.0,5.0,5.0,5.0,5.0,4.0,7.0,7.0,9.0,10.0,10.0,10.0,9.0,7.0,8.0,5.0,5.0,10.0,10.0,10.0,10.0,10.0,10.0,10.0,10.0,8.0,9.0,9.0,9.0,9.0,9.0,6.0,6.0,10.0,10.0,10.0,11.0,9.0,9.0,7.0,11.0,11.0,10.0
Bacteroides stercoris,11.0,11.0,11.0,11.0,11.0,11.0,11.0,11.0,11.0,11.0,11.0,11.0,11.0,11.0,11.0,11.0,11.0,11.0,11.0,10.0,11.0,11.0,11.0,11.0,11.0,11.0,11.0,11.0,11.0,11.0,10.0,11.0,11.0,10.0,11.0,11.0,11.0,11.0,11.0,11.0,11.0,11.0,10.0,10.0,11.0,10.0,2.0,2.0,2.0,2.0,0.0,2.0,3.0,2.0,2.0,2.0,2.0,2.0,2.0,2.0,2.0,2.0,2.0,2.0,2.0,2.0,4.0,4.0,4.0,4.0,4.0,4.0,5.0,5.0,5.0,5.0,5.0,5.0,6.0,6.0,5.0,5.0,5.0,5.0,5.0,5.0,5.0,5.0,5.0,5.0,5.0,5.0,5.0,5.0,4.0,7.0,7.0,9.0,10.0,10.0,10.0,9.0,7.0,8.0,5.0,5.0,10.0,10.0,10.0,10.0,10.0,10.0,10.0,10.0,8.0,9.0,9.0,9.0,9.0,9.0,6.0,6.0,10.0,10.0,10.0,11.0,9.0,9.0,7.0,11.0,11.0,10.0
Bacteroides sp900552405,11.0,11.0,11.0,11.0,11.0,11.0,11.0,11.0,11.0,11.0,11.0,11.0,11.0,11.0,11.0,11.0,11.0,11.0,11.0,10.0,11.0,11.0,11.0,11.0,11.0,11.0,11.0,11.0,11.0,11.0,10.0,11.0,11.0,10.0,11.0,11.0,11.0,11.0,11.0,11.0,11.0,11.0,10.0,10.0,11.0,10.0,2.0,2.0,0.0,2.0,2.0,0.0,3.0,2.0,2.0,2.0,2.0,2.0,2.0,2.0,2.0,2.0,2.0,2.0,2.0,2.0,4.0,4.0,4.0,4.0,4.0,4.0,5.0,5.0,5.0,5.0,5.0,5.0,6.0,6.0,5.0,5.0,5.0,5.0,5.0,5.0,5.0,5.0,5.0,5.0,5.0,5.0,5.0,5.0,4.0,7.0,7.0,9.0,10.0,10.0,10.0,9.0,7.0,8.0,5.0,5.0,10.0,10.0,10.0,10.0,10.0,10.0,10.0,10.0,8.0,9.0,9.0,9.0,9.0,9.0,6.0,6.0,10.0,10.0,10.0,11.0,9.0,9.0,7.0,11.0,11.0,10.0
Bacteroides intestinalis_A,12.0,12.0,12.0,12.0,12.0,12.0,12.0,12.0,12.0,12.0,12.0,12.0,12.0,12.0,12.0,12.0,12.0,12.0,12.0,11.0,12.0,12.0,12.0,12.0,12.0,12.0,12.0,12.0,12.0,12.0,11.0,12.0,12.0,11.0,12.0,12.0,12.0,12.0,12.0,12.0,12.0,12.0,11.0,11.0,12.0,11.0,3.0,3.0,3.0,3.0,3.0,3.0,0.0,3.0,3.0,3.0,3.0,3.0,3.0,3.0,3.0,3.0,3.0,3.0,3.0,3.0,5.0,5.0,5.0,5.0,5.0,5.0,6.0,6.0,6.0,6.0,6.0,6.0,7.0,7.0,6.0,6.0,6.0,6.0,6.0,6.0,6.0,6.0,6.0,6.0,6.0,6.0,6.0,6.0,5.0,8.0,8.0,10.0,11.0,11.0,11.0,10.0,8.0,9.0,6.0,6.0,11.0,11.0,11.0,11.0,11.0,11.0,11.0,11.0,9.0,10.0,10.0,10.0,10.0,10.0,7.0,7.0,11.0,11.0,11.0,12.0,10.0,10.0,8.0,12.0,12.0,11.0
Bacteroides xylanisolvens,11.0,11.0,11.0,11.0,11.0,11.0,11.0,11.0,11.0,11.0,11.0,11.0,11.0,11.0,11.0,11.0,11.0,11.0,11.0,10.0,11.0,11.0,11.0,11.0,11.0,11.0,11.0,11.0,11.0,11.0,10.0,11.0,11.0,10.0,11.0,11.0,11.0,11.0,11.0,11.0,11.0,11.0,10.0,10.0,11.0,10.0,2.0,2.0,2.0,2.0,2.0,2.0,3.0,0.0,2.0,2.0,2.0,2.0,2.0,2.0,2.0,2.0,0.0,2.0,2.0,2.0,4.0,4.0,4.0,4.0,4.0,4.0,5.0,5.0,5.0,5.0,5.0,5.0,6.0,6.0,5.0,5.0,5.0,5.0,5.0,5.0,5.0,5.0,5.0,5.0,5.0,5.0,5.0,5.0,4.0,7.0,7.0,9.0,10.0,10.0,10.0,9.0,7.0,8.0,5.0,5.0,10.0,10.0,10.0,10.0,10.0,10.0,10.0,10.0,8.0,9.0,9.0,9.0,9.0,9.0,6.0,6.0,10.0,10.0,10.0,11.0,9.0,9.0,7.0,11.0,11.0,10.0
Bacteroides eggerthii,11.0,11.0,11.0,11.0,11.0,11.0,11.0,11.0,11.0,11.0,11.0,11.0,11.0,11.0,11.0,11.0,11.0,11.0,11.0,10.0,11.0,11.0,11.0,11.0,11.0,11.0,11.0,11.0,11.0,11.0,10.0,11.0,11.0,10.0,11.0,11.0,11.0,11.0,11.0,11.0,11.0,11.0,10.0,10.0,11.0,10.0,2.0,2.0,2.0,2.0,2.0,2.0,3.0,2.0,0.0,2.0,2.0,2.0,2.0,2.0,2.0,2.0,2.0,2.0,2.0,2.0,4.0,4.0,4.0,4.0,4.0,4.0,5.0,5.0,5.0,5.0,5.0,5.0,6.0,6.0,5.0,5.0,5.0,5.0,5.0,5.0,5.0,5.0,5.0,5.0,5.0,5.0,5.0,5.0,4.0,7.0,7.0,9.0,10.0,10.0,10.0,9.0,7.0,8.0,5.0,5.0,10.0,10.0,10.0,10.0,10.0,10.0,10.0,10.0,8.0,9.0,9.0,9.0,9.0,9.0,6.0,6.0,10.0,10.0,10.0,11.0,9.0,9.0,7.0,11.0,11.0,10.0
Bacteroides fragilis,11.0,11.0,11.0,11.0,11.0,11.0,11.0,11.0,11.0,11.0,11.0,11.0,11.0,11.0,11.0,11.0,11.0,11.0,11.0,10.0,11.0,11.0,11.0,11.0,11.0,11.0,11.0,11.0,11.0,11.0,10.0,11.0,11.0,10.0,11.0,11.0,11.0,11.0,11.0,11.0,11.0,11.0,10.0,10.0,11.0,10.0,2.0,2.0,2.0,2.0,2.0,2.0,3.0,2.0,2.0,0.0,2.0,2.0,2.0,2.0,2.0,2.0,2.0,2.0,0.0,2.0,4.0,4.0,4.0,4.0,4.0,4.0,5.0,5.0,5.0,5.0,5.0,5.0,6.0,6.0,5.0,5.0,5.0,5.0,5.0,5.0,5.0,5.0,5.0,5.0,5.0,5.0,5.0,5.0,4.0,7.0,7.0,9.0,10.0,10.0,10.0,9.0,7.0,8.0,5.0,5.0,10.0,10.0,10.0,10.0,10.0,10.0,10.0,10.0,8.0,9.0,9.0,9.0,9.0,9.0,6.0,6.0,10.0,10.0,10.0,11.0,9.0,9.0,7.0,11.0,11.0,10.0
Bacteroides fluxus,11.0,11.0,11.0,11.0,11.0,11.0,11.0,11.0,11.0,11.0,11.0,11.0,11.0,11.0,11.0,11.0,11.0,11.0,11.0,10.0,11.0,11.0,11.0,11.0,11.0,11.0,11.0,11.0,11.0,11.0,10.0,11.0,11.0,10.0,11.0,11.0,11.0,11.0,11.0,11.0,11.0,11.0,10.0,10.0,11.0,10.0,2.0,2.0,2.0,2.0,2.0,2.0,3.0,2.0,2.0,2.0,0.0,2.0,2.0,2.0,2.0,2.0,2.0,2.0,2.0,2.0,4.0,4.0,4.0,4.0,4.0,4.0,5.0,5.0,5.0,5.0,5.0,5.0,6.0,6.0,5.0,5.0,5.0,5.0,5.0,5.0,5.0,5.0,5.0,5.0,5.0,5.0,5.0,5.0,4.0,7.0,7.0,9.0,10.0,10.0,10.0,9.0,7.0,8.0,5.0,5.0,10.0,10.0,10.0,10.0,10.0,10.0,10.0,10.0,8.0,9.0,9.0,9.0,9.0,9.0,6.0,6.0,10.0,10.0,10.0,11.0,9.0,9.0,7.0,11.0,11.0,10.0
Bacteroides finegoldii,11.0,11.0,11.0,11.0,11.0,11.0,11.0,11.0,11.0,11.0,11.0,11.0,11.0,11.0,11.0,11.0,11.0,11.0,11.0,10.0,11.0,11.0,11.0,11.0,11.0,11.0,11.0,11.0,11.0,11.0,10.0,11.0,11.0,10.0,11.0,11.0,11.0,11.0,11.0,11.0,11.0,11.0,10.0,10.0,11.0,10.0,2.0,2.0,2.0,2.0,2.0,2.0,3.0,2.0,2.0,2.0,2.0,0.0,0.0,2.0,2.0,2.0,2.0,2.0,2.0,2.0,4.0,4.0,4.0,4.0,4.0,4.0,5.0,5.0,5.0,5.0,5.0,5.0,6.0,6.0,5.0,5.0,5.0,5.0,5.0,5.0,5.0,5.0,5.0,5.0,5.0,5.0,5.0,5.0,4.0,7.0,7.0,9.0,10.0,10.0,10.0,9.0,7.0,8.0,5.0,5.0,10.0,10.0,10.0,10.0,10.0,10.0,10.0,10.0,8.0,9.0,9.0,9.0,9.0,9.0,6.0,6.0,10.0,10.0,10.0,11.0,9.0,9.0,7.0,11.0,11.0,10.0
Bacteroides intestinalis,11.0,11.0,11.0,11.0,11.0,11.0,11.0,11.0,11.0,11.0,11.0,11.0,11.0,11.0,11.0,11.0,11.0,11.0,11.0,10.0,11.0,11.0,11.0,11.0,11.0,11.0,11.0,11.0,11.0,11.0,10.0,11.0,11.0,10.0,11.0,11.0,11.0,11.0,11.0,11.0,11.0,11.0,10.0,10.0,11.0,10.0,2.0,2.0,2.0,2.0,2.0,2.0,3.0,2.0,2.0,2.0,2.0,0.0,0.0,2.0,2.0,2.0,2.0,2.0,2.0,2.0,4.0,4.0,4.0,4.0,4.0,4.0,5.0,5.0,5.0,5.0,5.0,5.0,6.0,6.0,5.0,5.0,5.0,5.0,5.0,5.0,5.0,5.0,5.0,5.0,5.0,5.0,5.0,5.0,4.0,7.0,7.0,9.0,10.0,10.0,10.0,9.0,7.0,8.0,5.0,5.0,10.0,10.0,10.0,10.0,10.0,10.0,10.0,10.0,8.0,9.0,9.0,9.0,9.0,9.0,6.0,6.0,10.0,10.0,10.0,11.0,9.0,9.0,7.0,11.0,11.0,10.0
Bacteroides faecis,11.0,11.0,11.0,11.0,11.0,11.0,11.0,11.0,11.0,11.0,11.0,11.0,11.0,11.0,11.0,11.0,11.0,11.0,11.0,10.0,11.0,11.0,11.0,11.0,11.0,11.0,11.0,11.0,11.0,11.0,10.0,11.0,11.0,10.0,11.0,11.0,11.0,11.0,11.0,11.0,11.0,11.0,10.0,10.0,11.0,10.0,2.0,2.0,2.0,2.0,2.0,2.0,3.0,2.0,2.0,2.0,2.0,2.0,2.0,0.0,2.0,2.0,2.0,2.0,2.0,2.0,4.0,4.0,4.0,4.0,4.0,4.0,5.0,5.0,5.0,5.0,5.0,5.0,6.0,6.0,5.0,5.0,5.0,5.0,5.0,5.0,5.0,5.0,5.0,5.0,5.0,5.0,5.0,5.0,4.0,7.0,7.0,9.0,10.0,10.0,10.0,9.0,7.0,8.0,5.0,5.0,10.0,10.0,10.0,10.0,10.0,10.0,10.0,10.0,8.0,9.0,9.0,9.0,9.0,9.0,6.0,6.0,10.0,10.0,10.0,11.0,9.0,9.0,7.0,11.0,11.0,10.0
Bacteroides nordii,11.0,11.0,11.0,11.0,11.0,11.0,11.0,11.0,11.0,11.0,11.0,11.0,11.0,11.0,11.0,11.0,11.0,11.0,11.0,10.0,11.0,11.0,11.0,11.0,11.0,11.0,11.0,11.0,11.0,11.0,10.0,11.0,11.0,10.0,11.0,11.0,11.0,11.0,11.0,11.0,11.0,11.0,10.0,10.0,11.0,10.0,2.0,2.0,2.0,2.0,2.0,2.0,3.0,2.0,2.0,2.0,2.0,2.0,2.0,2.0,0.0,2.0,2.0,2.0,2.0,2.0,4.0,4.0,4.0,4.0,4.0,4.0,5.0,5.0,5.0,5.0,5.0,5.0,6.0,6.0,5.0,5.0,5.0,5.0,5.0,5.0,5.0,5.0,5.0,5.0,5.0,5.0,5.0,5.0,4.0,7.0,7.0,9.0,10.0,10.0,10.0,9.0,7.0,8.0,5.0,5.0,10.0,10.0,10.0,10.0,10.0,10.0,10.0,10.0,8.0,9.0,9.0,9.0,9.0,9.0,6.0,6.0,10.0,10.0,10.0,11.0,9.0,9.0,7.0,11.0,11.0,10.0
Bacteroides salyersiae,11.0,11.0,11.0,11.0,11.0,11.0,11.0,11.0,11.0,11.0,11.0,11.0,11.0,11.0,11.0,11.0,11.0,11.0,11.0,10.0,11.0,11.0,11.0,11.0,11.0,11.0,11.0,11.0,11.0,11.0,10.0,11.0,11.0,10.0,11.0,11.0,11.0,11.0,11.0,11.0,11.0,11.0,10.0,10.0,11.0,10.0,2.0,2.0,2.0,2.0,2.0,2.0,3.0,2.0,2.0,2.0,2.0,2.0,2.0,2.0,2.0,0.0,2.0,2.0,2.0,2.0,4.0,4.0,4.0,4.0,4.0,4.0,5.0,5.0,5.0,5.0,5.0,5.0,6.0,6.0,5.0,5.0,5.0,5.0,5.0,5.0,5.0,5.0,5.0,5.0,5.0,5.0,5.0,5.0,4.0,7.0,7.0,9.0,10.0,10.0,10.0,9.0,7.0,8.0,5.0,5.0,10.0,10.0,10.0,10.0,10.0,10.0,10.0,10.0,8.0,9.0,9.0,9.0,9.0,9.0,6.0,6.0,10.0,10.0,10.0,11.0,9.0,9.0,7.0,11.0,11.0,10.0
Bacteroides sp902362375,11.0,11.0,11.0,11.0,11.0,11.0,11.0,11.0,11.0,11.0,11.0,11.0,11.0,11.0,11.0,11.0,11.0,11.0,11.0,10.0,11.0,11.0,11.0,11.0,11.0,11.0,11.0,11.0,11.0,11.0,10.0,11.0,11.0,10.0,11.0,11.0,11.0,11.0,11.0,11.0,11.0,11.0,10.0,10.0,11.0,10.0,2.0,2.0,2.0,2.0,2.0,2.0,3.0,0.0,2.0,2.0,2.0,2.0,2.0,2.0,2.0,2.0,0.0,2.0,2.0,2.0,4.0,4.0,4.0,4.0,4.0,4.0,5.0,5.0,5.0,5.0,5.0,5.0,6.0,6.0,5.0,5.0,5.0,5.0,5.0,5.0,5.0,5.0,5.0,5.0,5.0,5.0,5.0,5.0,4.0,7.0,7.0,9.0,10.0,10.0,10.0,9.0,7.0,8.0,5.0,5.0,10.0,10.0,10.0,10.0,10.0,10.0,10.0,10.0,8.0,9.0,9.0,9.0,9.0,9.0,6.0,6.0,10.0,10.0,10.0,11.0,9.0,9.0,7.0,11.0,11.0,10.0
Bacteroides oleiciplenus,11.0,11.0,11.0,11.0,11.0,11.0,11.0,11.0,11.0,11.0,11.0,11.0,11.0,11.0,11.0,11.0,11.0,11.0,11.0,10.0,11.0,11.0,11.0,11.0,11.0,11.0,11.0,11.0,11.0,11.0,10.0,11.0,11.0,10.0,11.0,11.0,11.0,11.0,11.0,11.0,11.0,11.0,10.0,10.0,11.0,10.0,2.0,2.0,2.0,2.0,2.0,2.0,3.0,2.0,2.0,2.0,2.0,2.0,2.0,2.0,2.0,2.0,2.0,0.0,2.0,2.0,4.0,4.0,4.0,4.0,4.0,4.0,5.0,5.0,5.0,5.0,5.0,5.0,6.0,6.0,5.0,5.0,5.0,5.0,5.0,5.0,5.0,5.0,5.0,5.0,5.0,5.0,5.0,5.0,4.0,7.0,7.0,9.0,10.0,10.0,10.0,9.0,7.0,8.0,5.0,5.0,10.0,10.0,10.0,10.0,10.0,10.0,10.0,10.0,8.0,9.0,9.0,9.0,9.0,9.0,6.0,6.0,10.0,10.0,10.0,11.0,9.0,9.0,7.0,11.0,11.0,10.0
Bacteroides fragilis_A,11.0,11.0,11.0,11.0,11.0,11.0,11.0,11.0,11.0,11.0,11.0,11.0,11.0,11.0,11.0,11.0,11.0,11.0,11.0,10.0,11.0,11.0,11.0,11.0,11.0,11.0,11.0,11.0,11.0,11.0,10.0,11.0,11.0,10.0,11.0,11.0,11.0,11.0,11.0,11.0,11.0,11.0,10.0,10.0,11.0,10.0,2.0,2.0,2.0,2.0,2.0,2.0,3.0,2.0,2.0,0.0,2.0,2.0,2.0,2.0,2.0,2.0,2.0,2.0,0.0,2.0,4.0,4.0,4.0,4.0,4.0,4.0,5.0,5.0,5.0,5.0,5.0,5.0,6.0,6.0,5.0,5.0,5.0,5.0,5.0,5.0,5.0,5.0,5.0,5.0,5.0,5.0,5.0,5.0,4.0,7.0,7.0,9.0,10.0,10.0,10.0,9.0,7.0,8.0,5.0,5.0,10.0,10.0,10.0,10.0,10.0,10.0,10.0,10.0,8.0,9.0,9.0,9.0,9.0,9.0,6.0,6.0,10.0,10.0,10.0,11.0,9.0,9.0,7.0,11.0,11.0,10.0
Bacteroides clarus,11.0,11.0,11.0,11.0,11.0,11.0,11.0,11.0,11.0,11.0,11.0,11.0,11.0,11.0,11.0,11.0,11.0,11.0,11.0,10.0,11.0,11.0,11.0,11.0,11.0,11.0,11.0,11.0,11.0,11.0,10.0,11.0,11.0,10.0,11.0,11.0,11.0,11.0,11.0,11.0,11.0,11.0,10.0,10.0,11.0,10.0,2.0,2.0,2.0,2.0,2.0,2.0,3.0,2.0,2.0,2.0,2.0,2.0,2.0,2.0,2.0,2.0,2.0,2.0,2.0,0.0,4.0,4.0,4.0,4.0,4.0,4.0,5.0,5.0,5.0,5.0,5.0,5.0,6.0,6.0,5.0,5.0,5.0,5.0,5.0,5.0,5.0,5.0,5.0,5.0,5.0,5.0,5.0,5.0,4.0,7.0,7.0,9.0,10.0,10.0,10.0,9.0,7.0,8.0,5.0,5.0,10.0,10.0,10.0,10.0,10.0,10.0,10.0,10.0,8.0,9.0,9.0,9.0,9.0,9.0,6.0,6.0,10.0,10.0,10.0,11.0,9.0,9.0,7.0,11.0,11.0,10.0
Phocaeicola dorei,11.0,11.0,11.0,11.0,11.0,11.0,11.0,11.0,11.0,11.0,11.0,11.0,11.0,11.0,11.0,11.0,11.0,11.0,11.0,10.0,11.0,11.0,11.0,11.0,11.0,11.0,11.0,11.0,11.0,11.0,10.0,11.0,11.0,10.0,11.0,11.0,11.0,11.0,11.0,11.0,11.0,11.0,10.0,10.0,11.0,10.0,4.0,4.0,4.0,4.0,4.0,4.0,5.0,4.0,4.0,4.0,4.0,4.0,4.0,4.0,4.0,4.0,4.0,4.0,4.0,4.0,0.0,2.0,2.0,2.0,2.0,2.0,5.0,5.0,5.0,5.0,5.0,5.0,6.0,6.0,5.0,5.0,5.0,5.0,5.0,5.0,5.0,5.0,5.0,5.0,5.0,5.0,5.0,5.0,4.0,7.0,7.0,9.0,10.0,10.0,10.0,9.0,7.0,8.0,5.0,5.0,10.0,10.0,10.0,10.0,10.0,10.0,10.0,10.0,8.0,9.0,9.0,9.0,9.0,9.0,6.0,6.0,10.0,10.0,10.0,11.0,9.0,9.0,7.0,11.0,11.0,10.0
Phocaeicola vulgatus,11.0,11.0,11.0,11.0,11.0,11.0,11.0,11.0,11.0,11.0,11.0,11.0,11.0,11.0,11.0,11.0,11.0,11.0,11.0,10.0,11.0,11.0,11.0,11.0,11.0,11.0,11.0,11.0,11.0,11.0,10.0,11.0,11.0,10.0,11.0,11.0,11.0,11.0,11.0,11.0,11.0,11.0,10.0,10.0,11.0,10.0,4.0,4.0,4.0,4.0,4.0,4.0,5.0,4.0,4.0,4.0,4.0,4.0,4.0,4.0,4.0,4.0,4.0,4.0,4.0,4.0,2.0,0.0,2.0,2.0,2.0,2.0,5.0,5.0,5.0,5.0,5.0,5.0,6.0,6.0,5.0,5.0,5.0,5.0,5.0,5.0,5.0,5.0,5.0,5.0,5.0,5.0,5.0,5.0,4.0,7.0,7.0,9.0,10.0,10.0,10.0,9.0,7.0,8.0,5.0,5.0,10.0,10.0,10.0,10.0,10.0,10.0,10.0,10.0,8.0,9.0,9.0,9.0,9.0,9.0,6.0,6.0,10.0,10.0,10.0,11.0,9.0,9.0,7.0,11.0,11.0,10.0
Phocaeicola plebeius,11.0,11.0,11.0,11.0,11.0,11.0,11.0,11.0,11.0,11.0,11.0,11.0,11.0,11.0,11.0,11.0,11.0,11.0,11.0,10.0,11.0,11.0,11.0,11.0,11.0,11.0,11.0,11.0,11.0,11.0,10.0,11.0,11.0,10.0,11.0,11.0,11.0,11.0,11.0,11.0,11.0,11.0,10.0,10.0,11.0,10.0,4.0,4.0,4.0,4.0,4.0,4.0,5.0,4.0,4.0,4.0,4.0,4.0,4.0,4.0,4.0,4.0,4.0,4.0,4.0,4.0,2.0,2.0,0.0,2.0,2.0,2.0,5.0,5.0,5.0,5.0,5.0,5.0,6.0,6.0,5.0,5.0,5.0,5.0,5.0,5.0,5.0,5.0,5.0,5.0,5.0,5.0,5.0,5.0,4.0,7.0,7.0,9.0,10.0,10.0,10.0,9.0,7.0,8.0,5.0,5.0,10.0,10.0,10.0,10.0,10.0,10.0,10.0,10.0,8.0,9.0,9.0,9.0,9.0,9.0,6.0,6.0,10.0,10.0,10.0,11.0,9.0,9.0,7.0,11.0,11.0,10.0
Phocaeicola massiliensis,11.0,11.0,11.0,11.0,11.0,11.0,11.0,11.0,11.0,11.0,11.0,11.0,11.0,11.0,11.0,11.0,11.0,11.0,11.0,10.0,11.0,11.0,11.0,11.0,11.0,11.0,11.0,11.0,11.0,11.0,10.0,11.0,11.0,10.0,11.0,11.0,11.0,11.0,11.0,11.0,11.0,11.0,10.0,10.0,11.0,10.0,4.0,4.0,4.0,4.0,4.0,4.0,5.0,4.0,4.0,4.0,4.0,4.0,4.0,4.0,4.0,4.0,4.0,4.0,4.0,4.0,2.0,2.0,2.0,0.0,2.0,2.0,5.0,5.0,5.0,5.0,5.0,5.0,6.0,6.0,5.0,5.0,5.0,5.0,5.0,5.0,5.0,5.0,5.0,5.0,5.0,5.0,5.0,5.0,4.0,7.0,7.0,9.0,10.0,10.0,10.0,9.0,7.0,8.0,5.0,5.0,10.0,10.0,10.0,10.0,10.0,10.0,10.0,10.0,8.0,9.0,9.0,9.0,9.0,9.0,6.0,6.0,10.0,10.0,10.0,11.0,9.0,9.0,7.0,11.0,11.0,10.0
Phocaeicola coprocola,11.0,11.0,11.0,11.0,11.0,11.0,11.0,11.0,11.0,11.0,11.0,11.0,11.0,11.0,11.0,11.0,11.0,11.0,11.0,10.0,11.0,11.0,11.0,11.0,11.0,11.0,11.0,11.0,11.0,11.0,10.0,11.0,11.0,10.0,11.0,11.0,11.0,11.0,11.0,11.0,11.0,11.0,10.0,10.0,11.0,10.0,4.0,4.0,4.0,4.0,4.0,4.0,5.0,4.0,4.0,4.0,4.0,4.0,4.0,4.0,4.0,4.0,4.0,4.0,4.0,4.0,2.0,2.0,2.0,2.0,0.0,2.0,5.0,5.0,5.0,5.0,5.0,5.0,6.0,6.0,5.0,5.0,5.0,5.0,5.0,5.0,5.0,5.0,5.0,5.0,5.0,5.0,5.0,5.0,4.0,7.0,7.0,9.0,10.0,10.0,10.0,9.0,7.0,8.0,5.0,5.0,10.0,10.0,10.0,10.0,10.0,10.0,10.0,10.0,8.0,9.0,9.0,9.0,9.0,9.0,6.0,6.0,10.0,10.0,10.0,11.0,9.0,9.0,7.0,11.0,11.0,10.0
Phocaeicola coprophilus,11.0,11.0,11.0,11.0,11.0,11.0,11.0,11.0,11.0,11.0,11.0,11.0,11.0,11.0,11.0,11.0,11.0,11.0,11.0,10.0,11.0,11.0,11.0,11.0,11.0,11.0,11.0,11.0,11.0,11.0,10.0,11.0,11.0,10.0,11.0,11.0,11.0,11.0,11.0,11.0,11.0,11.0,10.0,10.0,11.0,10.0,4.0,4.0,4.0,4.0,4.0,4.0,5.0,4.0,4.0,4.0,4.0,4.0,4.0,4.0,4.0,4.0,4.0,4.0,4.0,4.0,2.0,2.0,2.0,2.0,2.0,0.0,5.0,5.0,5.0,5.0,5.0,5.0,6.0,6.0,5.0,5.0,5.0,5.0,5.0,5.0,5.0,5.0,5.0,5.0,5.0,5.0,5.0,5.0,4.0,7.0,7.0,9.0,10.0,10.0,10.0,9.0,7.0,8.0,5.0,5.0,10.0,10.0,10.0,10.0,10.0,10.0,10.0,10.0,8.0,9.0,9.0,9.0,9.0,9.0,6.0,6.0,10.0,10.0,10.0,11.0,9.0,9.0,7.0,11.0,11.0,10.0
Prevotella sp900313215,10.0,10.0,10.0,10.0,10.0,10.0,10.0,10.0,10.0,10.0,10.0,10.0,10.0,10.0,10.0,10.0,10.0,10.0,10.0,9.0,10.0,10.0,10.0,10.0,10.0,10.0,10.0,10.0,10.0,10.0,9.0,10.0,10.0,9.0,10.0,10.0,10.0,10.0,10.0,10.0,10.0,10.0,9.0,9.0,10.0,9.0,5.0,5.0,5.0,5.0,5.0,5.0,6.0,5.0,5.0,5.0,5.0,5.0,5.0,5.0,5.0,5.0,5.0,5.0,5.0,5.0,5.0,5.0,5.0,5.0,5.0,5.0,0.0,0.0,0.0,2.0,0.0,0.0,3.0,3.0,4.0,4.0,4.0,4.0,4.0,4.0,4.0,4.0,4.0,4.0,4.0,4.0,4.0,4.0,3.0,6.0,6.0,8.0,9.0,9.0,9.0,8.0,6.0,7.0,4.0,4.0,9.0,9.0,9.0,9.0,9.0,9.0,9.0,9.0,7.0,8.0,8.0,8.0,8.0,8.0,5.0,5.0,9.0,9.0,9.0,10.0,8.0,8.0,6.0,10.0,10.0,9.0
Prevotella sp900551275,10.0,10.0,10.0,10.0,10.0,10.0,10.0,10.0,10.0,10.0,10.0,10.0,10.0,10.0,10.0,10.0,10.0,10.0,10.0,9.0,10.0,10.0,10.0,10.0,10.0,10.0,10.0,10.0,10.0,10.0,9.0,10.0,10.0,9.0,10.0,10.0,10.0,10.0,10.0,10.0,10.0,10.0,9.0,9.0,10.0,9.0,5.0,5.0,5.0,5.0,5.0,5.0,6.0,5.0,5.0,5.0,5.0,5.0,5.0,5.0,5.0,5.0,5.0,5.0,5.0,5.0,5.0,5.0,5.0,5.0,5.0,5.0,0.0,0.0,0.0,2.0,0.0,0.0,3.0,3.0,4.0,4.0,4.0,4.0,4.0,4.0,4.0,4.0,4.0,4.0,4.0,4.0,4.0,4.0,3.0,6.0,6.0,8.0,9.0,9.0,9.0,8.0,6.0,7.0,4.0,4.0,9.0,9.0,9.0,9.0,9.0,9.0,9.0,9.0,7.0,8.0,8.0,8.0,8.0,8.0,5.0,5.0,9.0,9.0,9.0,10.0,8.0,8.0,6.0,10.0,10.0,9.0
Prevotella copri_A,10.0,10.0,10.0,10.0,10.0,10.0,10.0,10.0,10.0,10.0,10.0,10.0,10.0,10.0,10.0,10.0,10.0,10.0,10.0,9.0,10.0,10.0,10.0,10.0,10.0,10.0,10.0,10.0,10.0,10.0,9.0,10.0,10.0,9.0,10.0,10.0,10.0,10.0,10.0,10.0,10.0,10.0,9.0,9.0,10.0,9.0,5.0,5.0,5.0,5.0,5.0,5.0,6.0,5.0,5.0,5.0,5.0,5.0,5.0,5.0,5.0,5.0,5.0,5.0,5.0,5.0,5.0,5.0,5.0,5.0,5.0,5.0,0.0,0.0,0.0,2.0,0.0,0.0,3.0,3.0,4.0,4.0,4.0,4.0,4.0,4.0,4.0,4.0,4.0,4.0,4.0,4.0,4.0,4.0,3.0,6.0,6.0,8.0,9.0,9.0,9.0,8.0,6.0,7.0,4.0,4.0,9.0,9.0,9.0,9.0,9.0,9.0,9.0,9.0,7.0,8.0,8.0,8.0,8.0,8.0,5.0,5.0,9.0,9.0,9.0,10.0,8.0,8.0,6.0,10.0,10.0,9.0
Prevotella stercorea,10.0,10.0,10.0,10.0,10.0,10.0,10.0,10.0,10.0,10.0,10.0,10.0,10.0,10.0,10.0,10.0,10.0,10.0,10.0,9.0,10.0,10.0,10.0,10.0,10.0,10.0,10.0,10.0,10.0,10.0,9.0,10.0,10.0,9.0,10.0,10.0,10.0,10.0,10.0,10.0,10.0,10.0,9.0,9.0,10.0,9.0,5.0,5.0,5.0,5.0,5.0,5.0,6.0,5.0,5.0,5.0,5.0,5.0,5.0,5.0,5.0,5.0,5.0,5.0,5.0,5.0,5.0,5.0,5.0,5.0,5.0,5.0,2.0,2.0,2.0,0.0,2.0,2.0,3.0,3.0,4.0,4.0,4.0,4.0,4.0,4.0,4.0,4.0,4.0,4.0,4.0,4.0,4.0,4.0,3.0,6.0,6.0,8.0,9.0,9.0,9.0,8.0,6.0,7.0,4.0,4.0,9.0,9.0,9.0,9.0,9.0,9.0,9.0,9.0,7.0,8.0,8.0,8.0,8.0,8.0,5.0,5.0,9.0,9.0,9.0,10.0,8.0,8.0,6.0,10.0,10.0,9.0
Prevotella sp015074785,10.0,10.0,10.0,10.0,10.0,10.0,10.0,10.0,10.0,10.0,10.0,10.0,10.0,10.0,10.0,10.0,10.0,10.0,10.0,9.0,10.0,10.0,10.0,10.0,10.0,10.0,10.0,10.0,10.0,10.0,9.0,10.0,10.0,9.0,10.0,10.0,10.0,10.0,10.0,10.0,10.0,10.0,9.0,9.0,10.0,9.0,5.0,5.0,5.0,5.0,5.0,5.0,6.0,5.0,5.0,5.0,5.0,5.0,5.0,5.0,5.0,5.0,5.0,5.0,5.0,5.0,5.0,5.0,5.0,5.0,5.0,5.0,0.0,0.0,0.0,2.0,0.0,0.0,3.0,3.0,4.0,4.0,4.0,4.0,4.0,4.0,4.0,4.0,4.0,4.0,4.0,4.0,4.0,4.0,3.0,6.0,6.0,8.0,9.0,9.0,9.0,8.0,6.0,7.0,4.0,4.0,9.0,9.0,9.0,9.0,9.0,9.0,9.0,9.0,7.0,8.0,8.0,8.0,8.0,8.0,5.0,5.0,9.0,9.0,9.0,10.0,8.0,8.0,6.0,10.0,10.0,9.0
Prevotella copri,10.0,10.0,10.0,10.0,10.0,10.0,10.0,10.0,10.0,10.0,10.0,10.0,10.0,10.0,10.0,10.0,10.0,10.0,10.0,9.0,10.0,10.0,10.0,10.0,10.0,10.0,10.0,10.0,10.0,10.0,9.0,10.0,10.0,9.0,10.0,10.0,10.0,10.0,10.0,10.0,10.0,10.0,9.0,9.0,10.0,9.0,5.0,5.0,5.0,5.0,5.0,5.0,6.0,5.0,5.0,5.0,5.0,5.0,5.0,5.0,5.0,5.0,5.0,5.0,5.0,5.0,5.0,5.0,5.0,5.0,5.0,5.0,0.0,0.0,0.0,2.0,0.0,0.0,3.0,3.0,4.0,4.0,4.0,4.0,4.0,4.0,4.0,4.0,4.0,4.0,4.0,4.0,4.0,4.0,3.0,6.0,6.0,8.0,9.0,9.0,9.0,8.0,6.0,7.0,4.0,4.0,9.0,9.0,9.0,9.0,9.0,9.0,9.0,9.0,7.0,8.0,8.0,8.0,8.0,8.0,5.0,5.0,9.0,9.0,9.0,10.0,8.0,8.0,6.0,10.0,10.0,9.0
Paraprevotella clara,11.0,11.0,11.0,11.0,11.0,11.0,11.0,11.0,11.0,11.0,11.0,11.0,11.0,11.0,11.0,11.0,11.0,11.0,11.0,10.0,11.0,11.0,11.0,11.0,11.0,11.0,11.0,11.0,11.0,11.0,10.0,11.0,11.0,10.0,11.0,11.0,11.0,11.0,11.0,11.0,11.0,11.0,10.0,10.0,11.0,10.0,6.0,6.0,6.0,6.0,6.0,6.0,7.0,6.0,6.0,6.0,6.0,6.0,6.0,6.0,6.0,6.0,6.0,6.0,6.0,6.0,6.0,6.0,6.0,6.0,6.0,6.0,3.0,3.0,3.0,3.0,3.0,3.0,0.0,2.0,5.0,5.0,5.0,5.0,5.0,5.0,5.0,5.0,5.0,5.0,5.0,5.0,5.0,5.0,4.0,7.0,7.0,9.0,10.0,10.0,10.0,9.0,7.0,8.0,5.0,5.0,10.0,10.0,10.0,10.0,10.0,10.0,10.0,10.0,8.0,9.0,9.0,9.0,9.0,9.0,6.0,6.0,10.0,10.0,10.0,11.0,9.0,9.0,7.0,11.0,11.0,10.0
Paraprevotella xylaniphila,11.0,11.0,11.0,11.0,11.0,11.0,11.0,11.0,11.0,11.0,11.0,11.0,11.0,11.0,11.0,11.0,11.0,11.0,11.0,10.0,11.0,11.0,11.0,11.0,11.0,11.0,11.0,11.0,11.0,11.0,10.0,11.0,11.0,10.0,11.0,11.0,11.0,11.0,11.0,11.0,11.0,11.0,10.0,10.0,11.0,10.0,6.0,6.0,6.0,6.0,6.0,6.0,7.0,6.0,6.0,6.0,6.0,6.0,6.0,6.0,6.0,6.0,6.0,6.0,6.0,6.0,6.0,6.0,6.0,6.0,6.0,6.0,3.0,3.0,3.0,3.0,3.0,3.0,2.0,0.0,5.0,5.0,5.0,5.0,5.0,5.0,5.0,5.0,5.0,5.0,5.0,5.0,5.0,5.0,4.0,7.0,7.0,9.0,10.0,10.0,10.0,9.0,7.0,8.0,5.0,5.0,10.0,10.0,10.0,10.0,10.0,10.0,10.0,10.0,8.0,9.0,9.0,9.0,9.0,9.0,6.0,6.0,10.0,10.0,10.0,11.0,9.0,9.0,7.0,11.0,11.0,10.0
Alistipes onderdonkii,10.0,10.0,10.0,10.0,10.0,10.0,10.0,10.0,10.0,10.0,10.0,10.0,10.0,10.0,10.0,10.0,10.0,10.0,10.0,9.0,10.0,10.0,10.0,10.0,10.0,10.0,10.0,10.0,10.0,10.0,9.0,10.0,10.0,9.0,10.0,10.0,10.0,10.0,10.0,10.0,10.0,10.0,9.0,9.0,10.0,9.0,5.0,5.0,5.0,5.0,5.0,5.0,6.0,5.0,5.0,5.0,5.0,5.0,5.0,5.0,5.0,5.0,5.0,5.0,5.0,5.0,5.0,5.0,5.0,5.0,5.0,5.0,4.0,4.0,4.0,4.0,4.0,4.0,5.0,5.0,0.0,2.0,2.0,2.0,2.0,4.0,4.0,4.0,4.0,4.0,4.0,4.0,4.0,4.0,3.0,6.0,6.0,8.0,9.0,9.0,9.0,8.0,6.0,7.0,4.0,4.0,9.0,9.0,9.0,9.0,9.0,9.0,9.0,9.0,7.0,8.0,8.0,8.0,8.0,8.0,5.0,5.0,9.0,9.0,9.0,10.0,8.0,8.0,6.0,10.0,10.0,9.0
Alistipes finegoldii,10.0,10.0,10.0,10.0,10.0,10.0,10.0,10.0,10.0,10.0,10.0,10.0,10.0,10.0,10.0,10.0,10.0,10.0,10.0,9.0,10.0,10.0,10.0,10.0,10.0,10.0,10.0,10.0,10.0,10.0,9.0,10.0,10.0,9.0,10.0,10.0,10.0,10.0,10.0,10.0,10.0,10.0,9.0,9.0,10.0,9.0,5.0,5.0,5.0,5.0,5.0,5.0,6.0,5.0,5.0,5.0,5.0,5.0,5.0,5.0,5.0,5.0,5.0,5.0,5.0,5.0,5.0,5.0,5.0,5.0,5.0,5.0,4.0,4.0,4.0,4.0,4.0,4.0,5.0,5.0,2.0,0.0,2.0,2.0,2.0,4.0,4.0,4.0,4.0,4.0,4.0,4.0,4.0,4.0,3.0,6.0,6.0,8.0,9.0,9.0,9.0,8.0,6.0,7.0,4.0,4.0,9.0,9.0,9.0,9.0,9.0,9.0,9.0,9.0,7.0,8.0,8.0,8.0,8.0,8.0,5.0,5.0,9.0,9.0,9.0,10.0,8.0,8.0,6.0,10.0,10.0,9.0
Alistipes shahii,10.0,10.0,10.0,10.0,10.0,10.0,10.0,10.0,10.0,10.0,10.0,10.0,10.0,10.0,10.0,10.0,10.0,10.0,10.0,9.0,10.0,10.0,10.0,10.0,10.0,10.0,10.0,10.0,10.0,10.0,9.0,10.0,10.0,9.0,10.0,10.0,10.0,10.0,10.0,10.0,10.0,10.0,9.0,9.0,10.0,9.0,5.0,5.0,5.0,5.0,5.0,5.0,6.0,5.0,5.0,5.0,5.0,5.0,5.0,5.0,5.0,5.0,5.0,5.0,5.0,5.0,5.0,5.0,5.0,5.0,5.0,5.0,4.0,4.0,4.0,4.0,4.0,4.0,5.0,5.0,2.0,2.0,0.0,2.0,2.0,4.0,4.0,4.0,4.0,4.0,4.0,4.0,4.0,4.0,3.0,6.0,6.0,8.0,9.0,9.0,9.0,8.0,6.0,7.0,4.0,4.0,9.0,9.0,9.0,9.0,9.0,9.0,9.0,9.0,7.0,8.0,8.0,8.0,8.0,8.0,5.0,5.0,9.0,9.0,9.0,10.0,8.0,8.0,6.0,10.0,10.0,9.0
Alistipes putredinis,10.0,10.0,10.0,10.0,10.0,10.0,10.0,10.0,10.0,10.0,10.0,10.0,10.0,10.0,10.0,10.0,10.0,10.0,10.0,9.0,10.0,10.0,10.0,10.0,10.0,10.0,10.0,10.0,10.0,10.0,9.0,10.0,10.0,9.0,10.0,10.0,10.0,10.0,10.0,10.0,10.0,10.0,9.0,9.0,10.0,9.0,5.0,5.0,5.0,5.0,5.0,5.0,6.0,5.0,5.0,5.0,5.0,5.0,5.0,5.0,5.0,5.0,5.0,5.0,5.0,5.0,5.0,5.0,5.0,5.0,5.0,5.0,4.0,4.0,4.0,4.0,4.0,4.0,5.0,5.0,2.0,2.0,2.0,0.0,2.0,4.0,4.0,4.0,4.0,4.0,4.0,4.0,4.0,4.0,3.0,6.0,6.0,8.0,9.0,9.0,9.0,8.0,6.0,7.0,4.0,4.0,9.0,9.0,9.0,9.0,9.0,9.0,9.0,9.0,7.0,8.0,8.0,8.0,8.0,8.0,5.0,5.0,9.0,9.0,9.0,10.0,8.0,8.0,6.0,10.0,10.0,9.0
Alistipes_A indistinctus,10.0,10.0,10.0,10.0,10.0,10.0,10.0,10.0,10.0,10.0,10.0,10.0,10.0,10.0,10.0,10.0,10.0,10.0,10.0,9.0,10.0,10.0,10.0,10.0,10.0,10.0,10.0,10.0,10.0,10.0,9.0,10.0,10.0,9.0,10.0,10.0,10.0,10.0,10.0,10.0,10.0,10.0,9.0,9.0,10.0,9.0,5.0,5.0,5.0,5.0,5.0,5.0,6.0,5.0,5.0,5.0,5.0,5.0,5.0,5.0,5.0,5.0,5.0,5.0,5.0,5.0,5.0,5.0,5.0,5.0,5.0,5.0,4.0,4.0,4.0,4.0,4.0,4.0,5.0,5.0,2.0,2.0,2.0,2.0,0.0,4.0,4.0,4.0,4.0,4.0,4.0,4.0,4.0,4.0,3.0,6.0,6.0,8.0,9.0,9.0,9.0,8.0,6.0,7.0,4.0,4.0,9.0,9.0,9.0,9.0,9.0,9.0,9.0,9.0,7.0,8.0,8.0,8.0,8.0,8.0,5.0,5.0,9.0,9.0,9.0,10.0,8.0,8.0,6.0,10.0,10.0,9.0
Parabacteroides distasonis,10.0,10.0,10.0,10.0,10.0,10.0,10.0,10.0,10.0,10.0,10.0,10.0,10.0,10.0,10.0,10.0,10.0,10.0,10.0,9.0,10.0,10.0,10.0,10.0,10.0,10.0,10.0,10.0,10.0,10.0,9.0,10.0,10.0,9.0,10.0,10.0,10.0,10.0,10.0,10.0,10.0,10.0,9.0,9.0,10.0,9.0,5.0,5.0,5.0,5.0,5.0,5.0,6.0,5.0,5.0,5.0,5.0,5.0,5.0,5.0,5.0,5.0,5.0,5.0,5.0,5.0,5.0,5.0,5.0,5.0,5.0,5.0,4.0,4.0,4.0,4.0,4.0,4.0,5.0,5.0,4.0,4.0,4.0,4.0,4.0,0.0,2.0,0.0,2.0,2.0,2.0,2.0,4.0,4.0,3.0,6.0,6.0,8.0,9.0,9.0,9.0,8.0,6.0,7.0,4.0,4.0,9.0,9.0,9.0,9.0,9.0,9.0,9.0,9.0,7.0,8.0,8.0,8.0,8.0,8.0,5.0,5.0,9.0,9.0,9.0,10.0,8.0,8.0,6.0,10.0,10.0,9.0
Parabacteroides goldsteinii,10.0,10.0,10.0,10.0,10.0,10.0,10.0,10.0,10.0,10.0,10.0,10.0,10.0,10.0,10.0,10.0,10.0,10.0,10.0,9.0,10.0,10.0,10.0,10.0,10.0,10.0,10.0,10.0,10.0,10.0,9.0,10.0,10.0,9.0,10.0,10.0,10.0,10.0,10.0,10.0,10.0,10.0,9.0,9.0,10.0,9.0,5.0,5.0,5.0,5.0,5.0,5.0,6.0,5.0,5.0,5.0,5.0,5.0,5.0,5.0,5.0,5.0,5.0,5.0,5.0,5.0,5.0,5.0,5.0,5.0,5.0,5.0,4.0,4.0,4.0,4.0,4.0,4.0,5.0,5.0,4.0,4.0,4.0,4.0,4.0,2.0,0.0,2.0,2.0,2.0,2.0,0.0,4.0,4.0,3.0,6.0,6.0,8.0,9.0,9.0,9.0,8.0,6.0,7.0,4.0,4.0,9.0,9.0,9.0,9.0,9.0,9.0,9.0,9.0,7.0,8.0,8.0,8.0,8.0,8.0,5.0,5.0,9.0,9.0,9.0,10.0,8.0,8.0,6.0,10.0,10.0,9.0
Parabacteroides distasonis_A,10.0,10.0,10.0,10.0,10.0,10.0,10.0,10.0,10.0,10.0,10.0,10.0,10.0,10.0,10.0,10.0,10.0,10.0,10.0,9.0,10.0,10.0,10.0,10.0,10.0,10.0,10.0,10.0,10.0,10.0,9.0,10.0,10.0,9.0,10.0,10.0,10.0,10.0,10.0,10.0,10.0,10.0,9.0,9.0,10.0,9.0,5.0,5.0,5.0,5.0,5.0,5.0,6.0,5.0,5.0,5.0,5.0,5.0,5.0,5.0,5.0,5.0,5.0,5.0,5.0,5.0,5.0,5.0,5.0,5.0,5.0,5.0,4.0,4.0,4.0,4.0,4.0,4.0,5.0,5.0,4.0,4.0,4.0,4.0,4.0,0.0,2.0,0.0,2.0,2.0,2.0,2.0,4.0,4.0,3.0,6.0,6.0,8.0,9.0,9.0,9.0,8.0,6.0,7.0,4.0,4.0,9.0,9.0,9.0,9.0,9.0,9.0,9.0,9.0,7.0,8.0,8.0,8.0,8.0,8.0,5.0,5.0,9.0,9.0,9.0,10.0,8.0,8.0,6.0,10.0,10.0,9.0
Parabacteroides gordonii,10.0,10.0,10.0,10.0,10.0,10.0,10.0,10.0,10.0,10.0,10.0,10.0,10.0,10.0,10.0,10.0,10.0,10.0,10.0,9.0,10.0,10.0,10.0,10.0,10.0,10.0,10.0,10.0,10.0,10.0,9.0,10.0,10.0,9.0,10.0,10.0,10.0,10.0,10.0,10.0,10.0,10.0,9.0,9.0,10.0,9.0,5.0,5.0,5.0,5.0,5.0,5.0,6.0,5.0,5.0,5.0,5.0,5.0,5.0,5.0,5.0,5.0,5.0,5.0,5.0,5.0,5.0,5.0,5.0,5.0,5.0,5.0,4.0,4.0,4.0,4.0,4.0,4.0,5.0,5.0,4.0,4.0,4.0,4.0,4.0,2.0,2.0,2.0,0.0,2.0,2.0,2.0,4.0,4.0,3.0,6.0,6.0,8.0,9.0,9.0,9.0,8.0,6.0,7.0,4.0,4.0,9.0,9.0,9.0,9.0,9.0,9.0,9.0,9.0,7.0,8.0,8.0,8.0,8.0,8.0,5.0,5.0,9.0,9.0,9.0,10.0,8.0,8.0,6.0,10.0,10.0,9.0
Parabacteroides merdae,10.0,10.0,10.0,10.0,10.0,10.0,10.0,10.0,10.0,10.0,10.0,10.0,10.0,10.0,10.0,10.0,10.0,10.0,10.0,9.0,10.0,10.0,10.0,10.0,10.0,10.0,10.0,10.0,10.0,10.0,9.0,10.0,10.0,9.0,10.0,10.0,10.0,10.0,10.0,10.0,10.0,10.0,9.0,9.0,10.0,9.0,5.0,5.0,5.0,5.0,5.0,5.0,6.0,5.0,5.0,5.0,5.0,5.0,5.0,5.0,5.0,5.0,5.0,5.0,5.0,5.0,5.0,5.0,5.0,5.0,5.0,5.0,4.0,4.0,4.0,4.0,4.0,4.0,5.0,5.0,4.0,4.0,4.0,4.0,4.0,2.0,2.0,2.0,2.0,0.0,2.0,2.0,4.0,4.0,3.0,6.0,6.0,8.0,9.0,9.0,9.0,8.0,6.0,7.0,4.0,4.0,9.0,9.0,9.0,9.0,9.0,9.0,9.0,9.0,7.0,8.0,8.0,8.0,8.0,8.0,5.0,5.0,9.0,9.0,9.0,10.0,8.0,8.0,6.0,10.0,10.0,9.0
Parabacteroides johnsonii,10.0,10.0,10.0,10.0,10.0,10.0,10.0,10.0,10.0,10.0,10.0,10.0,10.0,10.0,10.0,10.0,10.0,10.0,10.0,9.0,10.0,10.0,10.0,10.0,10.0,10.0,10.0,10.0,10.0,10.0,9.0,10.0,10.0,9.0,10.0,10.0,10.0,10.0,10.0,10.0,10.0,10.0,9.0,9.0,10.0,9.0,5.0,5.0,5.0,5.0,5.0,5.0,6.0,5.0,5.0,5.0,5.0,5.0,5.0,5.0,5.0,5.0,5.0,5.0,5.0,5.0,5.0,5.0,5.0,5.0,5.0,5.0,4.0,4.0,4.0,4.0,4.0,4.0,5.0,5.0,4.0,4.0,4.0,4.0,4.0,2.0,2.0,2.0,2.0,2.0,0.0,2.0,4.0,4.0,3.0,6.0,6.0,8.0,9.0,9.0,9.0,8.0,6.0,7.0,4.0,4.0,9.0,9.0,9.0,9.0,9.0,9.0,9.0,9.0,7.0,8.0,8.0,8.0,8.0,8.0,5.0,5.0,9.0,9.0,9.0,10.0,8.0,8.0,6.0,10.0,10.0,9.0
Parabacteroides timonensis,10.0,10.0,10.0,10.0,10.0,10.0,10.0,10.0,10.0,10.0,10.0,10.0,10.0,10.0,10.0,10.0,10.0,10.0,10.0,9.0,10.0,10.0,10.0,10.0,10.0,10.0,10.0,10.0,10.0,10.0,9.0,10.0,10.0,9.0,10.0,10.0,10.0,10.0,10.0,10.0,10.0,10.0,9.0,9.0,10.0,9.0,5.0,5.0,5.0,5.0,5.0,5.0,6.0,5.0,5.0,5.0,5.0,5.0,5.0,5.0,5.0,5.0,5.0,5.0,5.0,5.0,5.0,5.0,5.0,5.0,5.0,5.0,4.0,4.0,4.0,4.0,4.0,4.0,5.0,5.0,4.0,4.0,4.0,4.0,4.0,2.0,0.0,2.0,2.0,2.0,2.0,0.0,4.0,4.0,3.0,6.0,6.0,8.0,9.0,9.0,9.0,8.0,6.0,7.0,4.0,4.0,9.0,9.0,9.0,9.0,9.0,9.0,9.0,9.0,7.0,8.0,8.0,8.0,8.0,8.0,5.0,5.0,9.0,9.0,9.0,10.0,8.0,8.0,6.0,10.0,10.0,9.0
Butyricimonas virosa,10.0,10.0,10.0,10.0,10.0,10.0,10.0,10.0,10.0,10.0,10.0,10.0,10.0,10.0,10.0,10.0,10.0,10.0,10.0,9.0,10.0,10.0,10.0,10.0,10.0,10.0,10.0,10.0,10.0,10.0,9.0,10.0,10.0,9.0,10.0,10.0,10.0,10.0,10.0,10.0,10.0,10.0,9.0,9.0,10.0,9.0,5.0,5.0,5.0,5.0,5.0,5.0,6.0,5.0,5.0,5.0,5.0,5.0,5.0,5.0,5.0,5.0,5.0,5.0,5.0,5.0,5.0,5.0,5.0,5.0,5.0,5.0,4.0,4.0,4.0,4.0,4.0,4.0,5.0,5.0,4.0,4.0,4.0,4.0,4.0,4.0,4.0,4.0,4.0,4.0,4.0,4.0,0.0,2.0,3.0,6.0,6.0,8.0,9.0,9.0,9.0,8.0,6.0,7.0,4.0,4.0,9.0,9.0,9.0,9.0,9.0,9.0,9.0,9.0,7.0,8.0,8.0,8.0,8.0,8.0,5.0,5.0,9.0,9.0,9.0,10.0,8.0,8.0,6.0,10.0,10.0,9.0
Odoribacter splanchnicus,10.0,10.0,10.0,10.0,10.0,10.0,10.0,10.0,10.0,10.0,10.0,10.0,10.0,10.0,10.0,10.0,10.0,10.0,10.0,9.0,10.0,10.0,10.0,10.0,10.0,10.0,10.0,10.0,10.0,10.0,9.0,10.0,10.0,9.0,10.0,10.0,10.0,10.0,10.0,10.0,10.0,10.0,9.0,9.0,10.0,9.0,5.0,5.0,5.0,5.0,5.0,5.0,6.0,5.0,5.0,5.0,5.0,5.0,5.0,5.0,5.0,5.0,5.0,5.0,5.0,5.0,5.0,5.0,5.0,5.0,5.0,5.0,4.0,4.0,4.0,4.0,4.0,4.0,5.0,5.0,4.0,4.0,4.0,4.0,4.0,4.0,4.0,4.0,4.0,4.0,4.0,4.0,2.0,0.0,3.0,6.0,6.0,8.0,9.0,9.0,9.0,8.0,6.0,7.0,4.0,4.0,9.0,9.0,9.0,9.0,9.0,9.0,9.0,9.0,7.0,8.0,8.0,8.0,8.0,8.0,5.0,5.0,9.0,9.0,9.0,10.0,8.0,8.0,6.0,10.0,10.0,9.0
Barnesiella intestinihominis,9.0,9.0,9.0,9.0,9.0,9.0,9.0,9.0,9.0,9.0,9.0,9.0,9.0,9.0,9.0,9.0,9.0,9.0,9.0,8.0,9.0,9.0,9.0,9.0,9.0,9.0,9.0,9.0,9.0,9.0,8.0,9.0,9.0,8.0,9.0,9.0,9.0,9.0,9.0,9.0,9.0,9.0,8.0,8.0,9.0,8.0,4.0,4.0,4.0,4.0,4.0,4.0,5.0,4.0,4.0,4.0,4.0,4.0,4.0,4.0,4.0,4.0,4.0,4.0,4.0,4.0,4.0,4.0,4.0,4.0,4.0,4.0,3.0,3.0,3.0,3.0,3.0,3.0,4.0,4.0,3.0,3.0,3.0,3.0,3.0,3.0,3.0,3.0,3.0,3.0,3.0,3.0,3.0,3.0,0.0,5.0,5.0,7.0,8.0,8.0,8.0,7.0,5.0,6.0,3.0,3.0,8.0,8.0,8.0,8.0,8.0,8.0,8.0,8.0,6.0,7.0,7.0,7.0,7.0,7.0,4.0,4.0,8.0,8.0,8.0,9.0,7.0,7.0,5.0,9.0,9.0,8.0
Parasutterella excrementihominis,10.0,10.0,10.0,10.0,10.0,10.0,10.0,10.0,10.0,10.0,10.0,10.0,10.0,10.0,10.0,10.0,10.0,10.0,10.0,9.0,10.0,10.0,10.0,10.0,10.0,10.0,10.0,10.0,10.0,10.0,9.0,10.0,10.0,9.0,10.0,10.0,10.0,10.0,10.0,10.0,10.0,10.0,9.0,9.0,10.0,9.0,7.0,7.0,7.0,7.0,7.0,7.0,8.0,7.0,7.0,7.0,7.0,7.0,7.0,7.0,7.0,7.0,7.0,7.0,7.0,7.0,7.0,7.0,7.0,7.0,7.0,7.0,6.0,6.0,6.0,6.0,6.0,6.0,7.0,7.0,6.0,6.0,6.0,6.0,6.0,6.0,6.0,6.0,6.0,6.0,6.0,6.0,6.0,6.0,5.0,0.0,0.0,6.0,7.0,7.0,7.0,6.0,4.0,5.0,4.0,4.0,9.0,9.0,9.0,9.0,9.0,9.0,9.0,9.0,7.0,8.0,8.0,8.0,8.0,8.0,5.0,5.0,9.0,9.0,9.0,10.0,8.0,8.0,2.0,10.0,10.0,9.0
Escherichia coli,10.0,10.0,10.0,10.0,10.0,10.0,10.0,10.0,10.0,10.0,10.0,10.0,10.0,10.0,10.0,10.0,10.0,10.0,10.0,9.0,10.0,10.0,10.0,10.0,10.0,10.0,10.0,10.0,10.0,10.0,9.0,10.0,10.0,9.0,10.0,10.0,10.0,10.0,10.0,10.0,10.0,10.0,9.0,9.0,10.0,9.0,7.0,7.0,7.0,7.0,7.0,7.0,8.0,7.0,7.0,7.0,7.0,7.0,7.0,7.0,7.0,7.0,7.0,7.0,7.0,7.0,7.0,7.0,7.0,7.0,7.0,7.0,6.0,6.0,6.0,6.0,6.0,6.0,7.0,7.0,6.0,6.0,6.0,6.0,6.0,6.0,6.0,6.0,6.0,6.0,6.0,6.0,6.0,6.0,5.0,0.0,0.0,6.0,7.0,7.0,7.0,6.0,4.0,5.0,4.0,4.0,9.0,9.0,9.0,9.0,9.0,9.0,9.0,9.0,7.0,8.0,8.0,8.0,8.0,8.0,5.0,5.0,9.0,9.0,9.0,10.0,8.0,8.0,2.0,10.0,10.0,9.0
Escherichia fergusonii,12.0,12.0,12.0,12.0,12.0,12.0,12.0,12.0,12.0,12.0,12.0,12.0,12.0,12.0,12.0,12.0,12.0,12.0,12.0,11.0,12.0,12.0,12.0,12.0,12.0,12.0,12.0,12.0,12.0,12.0,11.0,12.0,12.0,11.0,12.0,12.0,12.0,12.0,12.0,12.0,12.0,12.0,11.0,11.0,12.0,11.0,9.0,9.0,9.0,9.0,9.0,9.0,10.0,9.0,9.0,9.0,9.0,9.0,9.0,9.0,9.0,9.0,9.0,9.0,9.0,9.0,9.0,9.0,9.0,9.0,9.0,9.0,8.0,8.0,8.0,8.0,8.0,8.0,9.0,9.0,8.0,8.0,8.0,8.0,8.0,8.0,8.0,8.0,8.0,8.0,8.0,8.0,8.0,8.0,7.0,6.0,6.0,0.0,3.0,3.0,3.0,2.0,4.0,3.0,6.0,6.0,11.0,11.0,11.0,11.0,11.0,11.0,11.0,11.0,9.0,10.0,10.0,10.0,10.0,10.0,7.0,7.0,11.0,11.0,11.0,12.0,10.0,10.0,6.0,12.0,12.0,11.0
Escherichia ruysiae,13.0,13.0,13.0,13.0,13.0,13.0,13.0,13.0,13.0,13.0,13.0,13.0,13.0,13.0,13.0,13.0,13.0,13.0,13.0,12.0,13.0,13.0,13.0,13.0,13.0,13.0,13.0,13.0,13.0,13.0,12.0,13.0,13.0,12.0,13.0,13.0,13.0,13.0,13.0,13.0,13.0,13.0,12.0,12.0,13.0,12.0,10.0,10.0,10.0,10.0,10.0,10.0,11.0,10.0,10.0,10.0,10.0,10.0,10.0,10.0,10.0,10.0,10.0,10.0,10.0,10.0,10.0,10.0,10.0,10.0,10.0,10.0,9.0,9.0,9.0,9.0,9.0,9.0,10.0,10.0,9.0,9.0,9.0,9.0,9.0,9.0,9.0,9.0,9.0,9.0,9.0,9.0,9.0,9.0,8.0,7.0,7.0,3.0,0.0,0.0,0.0,3.0,5.0,4.0,7.0,7.0,12.0,12.0,12.0,12.0,12.0,12.0,12.0,12.0,10.0,11.0,11.0,11.0,11.0,11.0,8.0,8.0,12.0,12.0,12.0,13.0,11.0,11.0,7.0,13.0,13.0,12.0
Escherichia sp005843885,13.0,13.0,13.0,13.0,13.0,13.0,13.0,13.0,13.0,13.0,13.0,13.0,13.0,13.0,13.0,13.0,13.0,13.0,13.0,12.0,13.0,13.0,13.0,13.0,13.0,13.0,13.0,13.0,13.0,13.0,12.0,13.0,13.0,12.0,13.0,13.0,13.0,13.0,13.0,13.0,13.0,13.0,12.0,12.0,13.0,12.0,10.0,10.0,10.0,10.0,10.0,10.0,11.0,10.0,10.0,10.0,10.0,10.0,10.0,10.0,10.0,10.0,10.0,10.0,10.0,10.0,10.0,10.0,10.0,10.0,10.0,10.0,9.0,9.0,9.0,9.0,9.0,9.0,10.0,10.0,9.0,9.0,9.0,9.0,9.0,9.0,9.0,9.0,9.0,9.0,9.0,9.0,9.0,9.0,8.0,7.0,7.0,3.0,0.0,0.0,0.0,3.0,5.0,4.0,7.0,7.0,12.0,12.0,12.0,12.0,12.0,12.0,12.0,12.0,10.0,11.0,11.0,11.0,11.0,11.0,8.0,8.0,12.0,12.0,12.0,13.0,11.0,11.0,7.0,13.0,13.0,12.0
Escherichia coli_E,13.0,13.0,13.0,13.0,13.0,13.0,13.0,13.0,13.0,13.0,13.0,13.0,13.0,13.0,13.0,13.0,13.0,13.0,13.0,12.0,13.0,13.0,13.0,13.0,13.0,13.0,13.0,13.0,13.0,13.0,12.0,13.0,13.0,12.0,13.0,13.0,13.0,13.0,13.0,13.0,13.0,13.0,12.0,12.0,13.0,12.0,10.0,10.0,10.0,10.0,10.0,10.0,11.0,10.0,10.0,10.0,10.0,10.0,10.0,10.0,10.0,10.0,10.0,10.0,10.0,10.0,10.0,10.0,10.0,10.0,10.0,10.0,9.0,9.0,9.0,9.0,9.0,9.0,10.0,10.0,9.0,9.0,9.0,9.0,9.0,9.0,9.0,9.0,9.0,9.0,9.0,9.0,9.0,9.0,8.0,7.0,7.0,3.0,0.0,0.0,0.0,3.0,5.0,4.0,7.0,7.0,12.0,12.0,12.0,12.0,12.0,12.0,12.0,12.0,10.0,11.0,11.0,11.0,11.0,11.0,8.0,8.0,12.0,12.0,12.0,13.0,11.0,11.0,7.0,13.0,13.0,12.0
Escherichia albertii,12.0,12.0,12.0,12.0,12.0,12.0,12.0,12.0,12.0,12.0,12.0,12.0,12.0,12.0,12.0,12.0,12.0,12.0,12.0,11.0,12.0,12.0,12.0,12.0,12.0,12.0,12.0,12.0,12.0,12.0,11.0,12.0,12.0,11.0,12.0,12.0,12.0,12.0,12.0,12.0,12.0,12.0,11.0,11.0,12.0,11.0,9.0,9.0,9.0,9.0,9.0,9.0,10.0,9.0,9.0,9.0,9.0,9.0,9.0,9.0,9.0,9.0,9.0,9.0,9.0,9.0,9.0,9.0,9.0,9.0,9.0,9.0,8.0,8.0,8.0,8.0,8.0,8.0,9.0,9.0,8.0,8.0,8.0,8.0,8.0,8.0,8.0,8.0,8.0,8.0,8.0,8.0,8.0,8.0,7.0,6.0,6.0,2.0,3.0,3.0,3.0,0.0,4.0,3.0,6.0,6.0,11.0,11.0,11.0,11.0,11.0,11.0,11.0,11.0,9.0,10.0,10.0,10.0,10.0,10.0,7.0,7.0,11.0,11.0,11.0,12.0,10.0,10.0,6.0,12.0,12.0,11.0
Hafnia alvei,10.0,10.0,10.0,10.0,10.0,10.0,10.0,10.0,10.0,10.0,10.0,10.0,10.0,10.0,10.0,10.0,10.0,10.0,10.0,9.0,10.0,10.0,10.0,10.0,10.0,10.0,10.0,10.0,10.0,10.0,9.0,10.0,10.0,9.0,10.0,10.0,10.0,10.0,10.0,10.0,10.0,10.0,9.0,9.0,10.0,9.0,7.0,7.0,7.0,7.0,7.0,7.0,8.0,7.0,7.0,7.0,7.0,7.0,7.0,7.0,7.0,7.0,7.0,7.0,7.0,7.0,7.0,7.0,7.0,7.0,7.0,7.0,6.0,6.0,6.0,6.0,6.0,6.0,7.0,7.0,6.0,6.0,6.0,6.0,6.0,6.0,6.0,6.0,6.0,6.0,6.0,6.0,6.0,6.0,5.0,4.0,4.0,4.0,5.0,5.0,5.0,4.0,0.0,3.0,4.0,4.0,9.0,9.0,9.0,9.0,9.0,9.0,9.0,9.0,7.0,8.0,8.0,8.0,8.0,8.0,5.0,5.0,9.0,9.0,9.0,10.0,8.0,8.0,4.0,10.0,10.0,9.0
Klebsiella pneumoniae,11.0,11.0,11.0,11.0,11.0,11.0,11.0,11.0,11.0,11.0,11.0,11.0,11.0,11.0,11.0,11.0,11.0,11.0,11.0,10.0,11.0,11.0,11.0,11.0,11.0,11.0,11.0,11.0,11.0,11.0,10.0,11.0,11.0,10.0,11.0,11.0,11.0,11.0,11.0,11.0,11.0,11.0,10.0,10.0,11.0,10.0,8.0,8.0,8.0,8.0,8.0,8.0,9.0,8.0,8.0,8.0,8.0,8.0,8.0,8.0,8.0,8.0,8.0,8.0,8.0,8.0,8.0,8.0,8.0,8.0,8.0,8.0,7.0,7.0,7.0,7.0,7.0,7.0,8.0,8.0,7.0,7.0,7.0,7.0,7.0,7.0,7.0,7.0,7.0,7.0,7.0,7.0,7.0,7.0,6.0,5.0,5.0,3.0,4.0,4.0,4.0,3.0,3.0,0.0,5.0,5.0,10.0,10.0,10.0,10.0,10.0,10.0,10.0,10.0,8.0,9.0,9.0,9.0,9.0,9.0,6.0,6.0,10.0,10.0,10.0,11.0,9.0,9.0,5.0,11.0,11.0,10.0
Akkermansia muciniphila,8.0,8.0,8.0,8.0,8.0,8.0,8.0,8.0,8.0,8.0,8.0,8.0,8.0,8.0,8.0,8.0,8.0,8.0,8.0,7.0,8.0,8.0,8.0,8.0,8.0,8.0,8.0,8.0,8.0,8.0,7.0,8.0,8.0,7.0,8.0,8.0,8.0,8.0,8.0,8.0,8.0,8.0,7.0,7.0,8.0,7.0,5.0,5.0,5.0,5.0,5.0,5.0,6.0,5.0,5.0,5.0,5.0,5.0,5.0,5.0,5.0,5.0,5.0,5.0,5.0,5.0,5.0,5.0,5.0,5.0,5.0,5.0,4.0,4.0,4.0,4.0,4.0,4.0,5.0,5.0,4.0,4.0,4.0,4.0,4.0,4.0,4.0,4.0,4.0,4.0,4.0,4.0,4.0,4.0,3.0,4.0,4.0,6.0,7.0,7.0,7.0,6.0,4.0,5.0,0.0,0.0,7.0,7.0,7.0,7.0,7.0,7.0,7.0,7.0,5.0,6.0,6.0,6.0,6.0,6.0,3.0,3.0,7.0,7.0,7.0,8.0,6.0,6.0,4.0,8.0,8.0,7.0
Akkermansia muciniphila_B,8.0,8.0,8.0,8.0,8.0,8.0,8.0,8.0,8.0,8.0,8.0,8.0,8.0,8.0,8.0,8.0,8.0,8.0,8.0,7.0,8.0,8.0,8.0,8.0,8.0,8.0,8.0,8.0,8.0,8.0,7.0,8.0,8.0,7.0,8.0,8.0,8.0,8.0,8.0,8.0,8.0,8.0,7.0,7.0,8.0,7.0,5.0,5.0,5.0,5.0,5.0,5.0,6.0,5.0,5.0,5.0,5.0,5.0,5.0,5.0,5.0,5.0,5.0,5.0,5.0,5.0,5.0,5.0,5.0,5.0,5.0,5.0,4.0,4.0,4.0,4.0,4.0,4.0,5.0,5.0,4.0,4.0,4.0,4.0,4.0,4.0,4.0,4.0,4.0,4.0,4.0,4.0,4.0,4.0,3.0,4.0,4.0,6.0,7.0,7.0,7.0,6.0,4.0,5.0,0.0,0.0,7.0,7.0,7.0,7.0,7.0,7.0,7.0,7.0,5.0,6.0,6.0,6.0,6.0,6.0,3.0,3.0,7.0,7.0,7.0,8.0,6.0,6.0,4.0,8.0,8.0,7.0
Erysipelatoclostridium ramosum,7.0,7.0,7.0,7.0,7.0,7.0,7.0,7.0,7.0,7.0,7.0,7.0,7.0,7.0,7.0,7.0,7.0,7.0,7.0,6.0,7.0,7.0,7.0,7.0,7.0,7.0,7.0,7.0,7.0,7.0,6.0,7.0,7.0,6.0,7.0,7.0,7.0,7.0,7.0,7.0,7.0,7.0,6.0,6.0,7.0,6.0,10.0,10.0,10.0,10.0,10.0,10.0,11.0,10.0,10.0,10.0,10.0,10.0,10.0,10.0,10.0,10.0,10.0,10.0,10.0,10.0,10.0,10.0,10.0,10.0,10.0,10.0,9.0,9.0,9.0,9.0,9.0,9.0,10.0,10.0,9.0,9.0,9.0,9.0,9.0,9.0,9.0,9.0,9.0,9.0,9.0,9.0,9.0,9.0,8.0,9.0,9.0,11.0,12.0,12.0,12.0,11.0,9.0,10.0,7.0,7.0,0.0,2.0,2.0,4.0,4.0,6.0,6.0,6.0,6.0,7.0,7.0,7.0,7.0,7.0,8.0,8.0,6.0,6.0,6.0,7.0,5.0,5.0,9.0,7.0,7.0,6.0
Catenibacterium sp000437715,7.0,7.0,7.0,7.0,7.0,7.0,7.0,7.0,7.0,7.0,7.0,7.0,7.0,7.0,7.0,7.0,7.0,7.0,7.0,6.0,7.0,7.0,7.0,7.0,7.0,7.0,7.0,7.0,7.0,7.0,6.0,7.0,7.0,6.0,7.0,7.0,7.0,7.0,7.0,7.0,7.0,7.0,6.0,6.0,7.0,6.0,10.0,10.0,10.0,10.0,10.0,10.0,11.0,10.0,10.0,10.0,10.0,10.0,10.0,10.0,10.0,10.0,10.0,10.0,10.0,10.0,10.0,10.0,10.0,10.0,10.0,10.0,9.0,9.0,9.0,9.0,9.0,9.0,10.0,10.0,9.0,9.0,9.0,9.0,9.0,9.0,9.0,9.0,9.0,9.0,9.0,9.0,9.0,9.0,8.0,9.0,9.0,11.0,12.0,12.0,12.0,11.0,9.0,10.0,7.0,7.0,2.0,0.0,0.0,4.0,4.0,6.0,6.0,6.0,6.0,7.0,7.0,7.0,7.0,7.0,8.0,8.0,6.0,6.0,6.0,7.0,5.0,5.0,9.0,7.0,7.0,6.0
Catenibacterium mitsuokai,7.0,7.0,7.0,7.0,7.0,7.0,7.0,7.0,7.0,7.0,7.0,7.0,7.0,7.0,7.0,7.0,7.0,7.0,7.0,6.0,7.0,7.0,7.0,7.0,7.0,7.0,7.0,7.0,7.0,7.0,6.0,7.0,7.0,6.0,7.0,7.0,7.0,7.0,7.0,7.0,7.0,7.0,6.0,6.0,7.0,6.0,10.0,10.0,10.0,10.0,10.0,10.0,11.0,10.0,10.0,10.0,10.0,10.0,10.0,10.0,10.0,10.0,10.0,10.0,10.0,10.0,10.0,10.0,10.0,10.0,10.0,10.0,9.0,9.0,9.0,9.0,9.0,9.0,10.0,10.0,9.0,9.0,9.0,9.0,9.0,9.0,9.0,9.0,9.0,9.0,9.0,9.0,9.0,9.0,8.0,9.0,9.0,11.0,12.0,12.0,12.0,11.0,9.0,10.0,7.0,7.0,2.0,0.0,0.0,4.0,4.0,6.0,6.0,6.0,6.0,7.0,7.0,7.0,7.0,7.0,8.0,8.0,6.0,6.0,6.0,7.0,5.0,5.0,9.0,7.0,7.0,6.0
Holdemania filiformis,7.0,7.0,7.0,7.0,7.0,7.0,7.0,7.0,7.0,7.0,7.0,7.0,7.0,7.0,7.0,7.0,7.0,7.0,7.0,6.0,7.0,7.0,7.0,7.0,7.0,7.0,7.0,7.0,7.0,7.0,6.0,7.0,7.0,6.0,7.0,7.0,7.0,7.0,7.0,7.0,7.0,7.0,6.0,6.0,7.0,6.0,10.0,10.0,10.0,10.0,10.0,10.0,11.0,10.0,10.0,10.0,10.0,10.0,10.0,10.0,10.0,10.0,10.0,10.0,10.0,10.0,10.0,10.0,10.0,10.0,10.0,10.0,9.0,9.0,9.0,9.0,9.0,9.0,10.0,10.0,9.0,9.0,9.0,9.0,9.0,9.0,9.0,9.0,9.0,9.0,9.0,9.0,9.0,9.0,8.0,9.0,9.0,11.0,12.0,12.0,12.0,11.0,9.0,10.0,7.0,7.0,4.0,4.0,4.0,0.0,2.0,6.0,6.0,6.0,6.0,7.0,7.0,7.0,7.0,7.0,8.0,8.0,6.0,6.0,6.0,7.0,5.0,5.0,9.0,7.0,7.0,6.0
Holdemanella biformis,7.0,7.0,7.0,7.0,7.0,7.0,7.0,7.0,7.0,7.0,7.0,7.0,7.0,7.0,7.0,7.0,7.0,7.0,7.0,6.0,7.0,7.0,7.0,7.0,7.0,7.0,7.0,7.0,7.0,7.0,6.0,7.0,7.0,6.0,7.0,7.0,7.0,7.0,7.0,7.0,7.0,7.0,6.0,6.0,7.0,6.0,10.0,10.0,10.0,10.0,10.0,10.0,11.0,10.0,10.0,10.0,10.0,10.0,10.0,10.0,10.0,10.0,10.0,10.0,10.0,10.0,10.0,10.0,10.0,10.0,10.0,10.0,9.0,9.0,9.0,9.0,9.0,9.0,10.0,10.0,9.0,9.0,9.0,9.0,9.0,9.0,9.0,9.0,9.0,9.0,9.0,9.0,9.0,9.0,8.0,9.0,9.0,11.0,12.0,12.0,12.0,11.0,9.0,10.0,7.0,7.0,4.0,4.0,4.0,2.0,0.0,6.0,6.0,6.0,6.0,7.0,7.0,7.0,7.0,7.0,8.0,8.0,6.0,6.0,6.0,7.0,5.0,5.0,9.0,7.0,7.0,6.0
Streptococcus salivarius,7.0,7.0,7.0,7.0,7.0,7.0,7.0,7.0,7.0,7.0,7.0,7.0,7.0,7.0,7.0,7.0,7.0,7.0,7.0,6.0,7.0,7.0,7.0,7.0,7.0,7.0,7.0,7.0,7.0,7.0,6.0,7.0,7.0,6.0,7.0,7.0,7.0,7.0,7.0,7.0,7.0,7.0,6.0,6.0,7.0,6.0,10.0,10.0,10.0,10.0,10.0,10.0,11.0,10.0,10.0,10.0,10.0,10.0,10.0,10.0,10.0,10.0,10.0,10.0,10.0,10.0,10.0,10.0,10.0,10.0,10.0,10.0,9.0,9.0,9.0,9.0,9.0,9.0,10.0,10.0,9.0,9.0,9.0,9.0,9.0,9.0,9.0,9.0,9.0,9.0,9.0,9.0,9.0,9.0,8.0,9.0,9.0,11.0,12.0,12.0,12.0,11.0,9.0,10.0,7.0,7.0,6.0,6.0,6.0,6.0,6.0,0.0,0.0,2.0,6.0,7.0,7.0,7.0,7.0,7.0,8.0,8.0,6.0,6.0,6.0,7.0,5.0,3.0,9.0,7.0,7.0,6.0
Streptococcus sp001556435,7.0,7.0,7.0,7.0,7.0,7.0,7.0,7.0,7.0,7.0,7.0,7.0,7.0,7.0,7.0,7.0,7.0,7.0,7.0,6.0,7.0,7.0,7.0,7.0,7.0,7.0,7.0,7.0,7.0,7.0,6.0,7.0,7.0,6.0,7.0,7.0,7.0,7.0,7.0,7.0,7.0,7.0,6.0,6.0,7.0,6.0,10.0,10.0,10.0,10.0,10.0,10.0,11.0,10.0,10.0,10.0,10.0,10.0,10.0,10.0,10.0,10.0,10.0,10.0,10.0,10.0,10.0,10.0,10.0,10.0,10.0,10.0,9.0,9.0,9.0,9.0,9.0,9.0,10.0,10.0,9.0,9.0,9.0,9.0,9.0,9.0,9.0,9.0,9.0,9.0,9.0,9.0,9.0,9.0,8.0,9.0,9.0,11.0,12.0,12.0,12.0,11.0,9.0,10.0,7.0,7.0,6.0,6.0,6.0,6.0,6.0,0.0,0.0,2.0,6.0,7.0,7.0,7.0,7.0,7.0,8.0,8.0,6.0,6.0,6.0,7.0,5.0,3.0,9.0,7.0,7.0,6.0
Streptococcus thermophilus,7.0,7.0,7.0,7.0,7.0,7.0,7.0,7.0,7.0,7.0,7.0,7.0,7.0,7.0,7.0,7.0,7.0,7.0,7.0,6.0,7.0,7.0,7.0,7.0,7.0,7.0,7.0,7.0,7.0,7.0,6.0,7.0,7.0,6.0,7.0,7.0,7.0,7.0,7.0,7.0,7.0,7.0,6.0,6.0,7.0,6.0,10.0,10.0,10.0,10.0,10.0,10.0,11.0,10.0,10.0,10.0,10.0,10.0,10.0,10.0,10.0,10.0,10.0,10.0,10.0,10.0,10.0,10.0,10.0,10.0,10.0,10.0,9.0,9.0,9.0,9.0,9.0,9.0,10.0,10.0,9.0,9.0,9.0,9.0,9.0,9.0,9.0,9.0,9.0,9.0,9.0,9.0,9.0,9.0,8.0,9.0,9.0,11.0,12.0,12.0,12.0,11.0,9.0,10.0,7.0,7.0,6.0,6.0,6.0,6.0,6.0,2.0,2.0,0.0,6.0,7.0,7.0,7.0,7.0,7.0,8.0,8.0,6.0,6.0,6.0,7.0,5.0,3.0,9.0,7.0,7.0,6.0
Adlercreutzia celatus_A,7.0,7.0,7.0,7.0,7.0,7.0,7.0,7.0,7.0,7.0,7.0,7.0,7.0,7.0,7.0,7.0,7.0,7.0,7.0,6.0,7.0,7.0,7.0,7.0,7.0,7.0,7.0,7.0,7.0,7.0,6.0,7.0,7.0,6.0,7.0,7.0,7.0,7.0,7.0,7.0,7.0,7.0,6.0,6.0,7.0,6.0,8.0,8.0,8.0,8.0,8.0,8.0,9.0,8.0,8.0,8.0,8.0,8.0,8.0,8.0,8.0,8.0,8.0,8.0,8.0,8.0,8.0,8.0,8.0,8.0,8.0,8.0,7.0,7.0,7.0,7.0,7.0,7.0,8.0,8.0,7.0,7.0,7.0,7.0,7.0,7.0,7.0,7.0,7.0,7.0,7.0,7.0,7.0,7.0,6.0,7.0,7.0,9.0,10.0,10.0,10.0,9.0,7.0,8.0,5.0,5.0,6.0,6.0,6.0,6.0,6.0,6.0,6.0,6.0,0.0,3.0,3.0,3.0,3.0,3.0,6.0,6.0,6.0,6.0,6.0,7.0,5.0,5.0,7.0,7.0,7.0,6.0
Bifidobacterium longum,8.0,8.0,8.0,8.0,8.0,8.0,8.0,8.0,8.0,8.0,8.0,8.0,8.0,8.0,8.0,8.0,8.0,8.0,8.0,7.0,8.0,8.0,8.0,8.0,8.0,8.0,8.0,8.0,8.0,8.0,7.0,8.0,8.0,7.0,8.0,8.0,8.0,8.0,8.0,8.0,8.0,8.0,7.0,7.0,8.0,7.0,9.0,9.0,9.0,9.0,9.0,9.0,10.0,9.0,9.0,9.0,9.0,9.0,9.0,9.0,9.0,9.0,9.0,9.0,9.0,9.0,9.0,9.0,9.0,9.0,9.0,9.0,8.0,8.0,8.0,8.0,8.0,8.0,9.0,9.0,8.0,8.0,8.0,8.0,8.0,8.0,8.0,8.0,8.0,8.0,8.0,8.0,8.0,8.0,7.0,8.0,8.0,10.0,11.0,11.0,11.0,10.0,8.0,9.0,6.0,6.0,7.0,7.0,7.0,7.0,7.0,7.0,7.0,7.0,3.0,0.0,2.0,2.0,2.0,2.0,7.0,7.0,7.0,7.0,7.0,8.0,6.0,6.0,8.0,8.0,8.0,7.0
Bifidobacterium pseudocatenulatum,8.0,8.0,8.0,8.0,8.0,8.0,8.0,8.0,8.0,8.0,8.0,8.0,8.0,8.0,8.0,8.0,8.0,8.0,8.0,7.0,8.0,8.0,8.0,8.0,8.0,8.0,8.0,8.0,8.0,8.0,7.0,8.0,8.0,7.0,8.0,8.0,8.0,8.0,8.0,8.0,8.0,8.0,7.0,7.0,8.0,7.0,9.0,9.0,9.0,9.0,9.0,9.0,10.0,9.0,9.0,9.0,9.0,9.0,9.0,9.0,9.0,9.0,9.0,9.0,9.0,9.0,9.0,9.0,9.0,9.0,9.0,9.0,8.0,8.0,8.0,8.0,8.0,8.0,9.0,9.0,8.0,8.0,8.0,8.0,8.0,8.0,8.0,8.0,8.0,8.0,8.0,8.0,8.0,8.0,7.0,8.0,8.0,10.0,11.0,11.0,11.0,10.0,8.0,9.0,6.0,6.0,7.0,7.0,7.0,7.0,7.0,7.0,7.0,7.0,3.0,2.0,0.0,2.0,2.0,2.0,7.0,7.0,7.0,7.0,7.0,8.0,6.0,6.0,8.0,8.0,8.0,7.0
Bifidobacterium catenulatum,8.0,8.0,8.0,8.0,8.0,8.0,8.0,8.0,8.0,8.0,8.0,8.0,8.0,8.0,8.0,8.0,8.0,8.0,8.0,7.0,8.0,8.0,8.0,8.0,8.0,8.0,8.0,8.0,8.0,8.0,7.0,8.0,8.0,7.0,8.0,8.0,8.0,8.0,8.0,8.0,8.0,8.0,7.0,7.0,8.0,7.0,9.0,9.0,9.0,9.0,9.0,9.0,10.0,9.0,9.0,9.0,9.0,9.0,9.0,9.0,9.0,9.0,9.0,9.0,9.0,9.0,9.0,9.0,9.0,9.0,9.0,9.0,8.0,8.0,8.0,8.0,8.0,8.0,9.0,9.0,8.0,8.0,8.0,8.0,8.0,8.0,8.0,8.0,8.0,8.0,8.0,8.0,8.0,8.0,7.0,8.0,8.0,10.0,11.0,11.0,11.0,10.0,8.0,9.0,6.0,6.0,7.0,7.0,7.0,7.0,7.0,7.0,7.0,7.0,3.0,2.0,2.0,0.0,2.0,2.0,7.0,7.0,7.0,7.0,7.0,8.0,6.0,6.0,8.0,8.0,8.0,7.0
Bifidobacterium ruminantium,8.0,8.0,8.0,8.0,8.0,8.0,8.0,8.0,8.0,8.0,8.0,8.0,8.0,8.0,8.0,8.0,8.0,8.0,8.0,7.0,8.0,8.0,8.0,8.0,8.0,8.0,8.0,8.0,8.0,8.0,7.0,8.0,8.0,7.0,8.0,8.0,8.0,8.0,8.0,8.0,8.0,8.0,7.0,7.0,8.0,7.0,9.0,9.0,9.0,9.0,9.0,9.0,10.0,9.0,9.0,9.0,9.0,9.0,9.0,9.0,9.0,9.0,9.0,9.0,9.0,9.0,9.0,9.0,9.0,9.0,9.0,9.0,8.0,8.0,8.0,8.0,8.0,8.0,9.0,9.0,8.0,8.0,8.0,8.0,8.0,8.0,8.0,8.0,8.0,8.0,8.0,8.0,8.0,8.0,7.0,8.0,8.0,10.0,11.0,11.0,11.0,10.0,8.0,9.0,6.0,6.0,7.0,7.0,7.0,7.0,7.0,7.0,7.0,7.0,3.0,2.0,2.0,2.0,0.0,2.0,7.0,7.0,7.0,7.0,7.0,8.0,6.0,6.0,8.0,8.0,8.0,7.0
Bifidobacterium bifidum,8.0,8.0,8.0,8.0,8.0,8.0,8.0,8.0,8.0,8.0,8.0,8.0,8.0,8.0,8.0,8.0,8.0,8.0,8.0,7.0,8.0,8.0,8.0,8.0,8.0,8.0,8.0,8.0,8.0,8.0,7.0,8.0,8.0,7.0,8.0,8.0,8.0,8.0,8.0,8.0,8.0,8.0,7.0,7.0,8.0,7.0,9.0,9.0,9.0,9.0,9.0,9.0,10.0,9.0,9.0,9.0,9.0,9.0,9.0,9.0,9.0,9.0,9.0,9.0,9.0,9.0,9.0,9.0,9.0,9.0,9.0,9.0,8.0,8.0,8.0,8.0,8.0,8.0,9.0,9.0,8.0,8.0,8.0,8.0,8.0,8.0,8.0,8.0,8.0,8.0,8.0,8.0,8.0,8.0,7.0,8.0,8.0,10.0,11.0,11.0,11.0,10.0,8.0,9.0,6.0,6.0,7.0,7.0,7.0,7.0,7.0,7.0,7.0,7.0,3.0,2.0,2.0,2.0,2.0,0.0,7.0,7.0,7.0,7.0,7.0,8.0,6.0,6.0,8.0,8.0,8.0,7.0
Desulfovibrio sp900556755,9.0,9.0,9.0,9.0,9.0,9.0,9.0,9.0,9.0,9.0,9.0,9.0,9.0,9.0,9.0,9.0,9.0,9.0,9.0,8.0,9.0,9.0,9.0,9.0,9.0,9.0,9.0,9.0,9.0,9.0,8.0,9.0,9.0,8.0,9.0,9.0,9.0,9.0,9.0,9.0,9.0,9.0,8.0,8.0,9.0,8.0,6.0,6.0,6.0,6.0,6.0,6.0,7.0,6.0,6.0,6.0,6.0,6.0,6.0,6.0,6.0,6.0,6.0,6.0,6.0,6.0,6.0,6.0,6.0,6.0,6.0,6.0,5.0,5.0,5.0,5.0,5.0,5.0,6.0,6.0,5.0,5.0,5.0,5.0,5.0,5.0,5.0,5.0,5.0,5.0,5.0,5.0,5.0,5.0,4.0,5.0,5.0,7.0,8.0,8.0,8.0,7.0,5.0,6.0,3.0,3.0,8.0,8.0,8.0,8.0,8.0,8.0,8.0,8.0,6.0,7.0,7.0,7.0,7.0,7.0,0.0,2.0,8.0,8.0,8.0,9.0,7.0,7.0,5.0,9.0,9.0,8.0
Bilophila wadsworthia,9.0,9.0,9.0,9.0,9.0,9.0,9.0,9.0,9.0,9.0,9.0,9.0,9.0,9.0,9.0,9.0,9.0,9.0,9.0,8.0,9.0,9.0,9.0,9.0,9.0,9.0,9.0,9.0,9.0,9.0,8.0,9.0,9.0,8.0,9.0,9.0,9.0,9.0,9.0,9.0,9.0,9.0,8.0,8.0,9.0,8.0,6.0,6.0,6.0,6.0,6.0,6.0,7.0,6.0,6.0,6.0,6.0,6.0,6.0,6.0,6.0,6.0,6.0,6.0,6.0,6.0,6.0,6.0,6.0,6.0,6.0,6.0,5.0,5.0,5.0,5.0,5.0,5.0,6.0,6.0,5.0,5.0,5.0,5.0,5.0,5.0,5.0,5.0,5.0,5.0,5.0,5.0,5.0,5.0,4.0,5.0,5.0,7.0,8.0,8.0,8.0,7.0,5.0,6.0,3.0,3.0,8.0,8.0,8.0,8.0,8.0,8.0,8.0,8.0,6.0,7.0,7.0,7.0,7.0,7.0,2.0,0.0,8.0,8.0,8.0,9.0,7.0,7.0,5.0,9.0,9.0,8.0
Dialister invisus,7.0,7.0,7.0,7.0,7.0,7.0,7.0,7.0,7.0,7.0,7.0,7.0,7.0,7.0,7.0,7.0,7.0,7.0,7.0,6.0,7.0,7.0,7.0,7.0,7.0,7.0,7.0,7.0,7.0,7.0,6.0,7.0,7.0,6.0,7.0,7.0,7.0,7.0,7.0,7.0,7.0,7.0,6.0,6.0,7.0,6.0,10.0,10.0,10.0,10.0,10.0,10.0,11.0,10.0,10.0,10.0,10.0,10.0,10.0,10.0,10.0,10.0,10.0,10.0,10.0,10.0,10.0,10.0,10.0,10.0,10.0,10.0,9.0,9.0,9.0,9.0,9.0,9.0,10.0,10.0,9.0,9.0,9.0,9.0,9.0,9.0,9.0,9.0,9.0,9.0,9.0,9.0,9.0,9.0,8.0,9.0,9.0,11.0,12.0,12.0,12.0,11.0,9.0,10.0,7.0,7.0,6.0,6.0,6.0,6.0,6.0,6.0,6.0,6.0,6.0,7.0,7.0,7.0,7.0,7.0,8.0,8.0,0.0,2.0,2.0,5.0,3.0,5.0,9.0,5.0,5.0,2.0
Veillonella parvula_A,7.0,7.0,7.0,7.0,7.0,7.0,7.0,7.0,7.0,7.0,7.0,7.0,7.0,7.0,7.0,7.0,7.0,7.0,7.0,6.0,7.0,7.0,7.0,7.0,7.0,7.0,7.0,7.0,7.0,7.0,6.0,7.0,7.0,6.0,7.0,7.0,7.0,7.0,7.0,7.0,7.0,7.0,6.0,6.0,7.0,6.0,10.0,10.0,10.0,10.0,10.0,10.0,11.0,10.0,10.0,10.0,10.0,10.0,10.0,10.0,10.0,10.0,10.0,10.0,10.0,10.0,10.0,10.0,10.0,10.0,10.0,10.0,9.0,9.0,9.0,9.0,9.0,9.0,10.0,10.0,9.0,9.0,9.0,9.0,9.0,9.0,9.0,9.0,9.0,9.0,9.0,9.0,9.0,9.0,8.0,9.0,9.0,11.0,12.0,12.0,12.0,11.0,9.0,10.0,7.0,7.0,6.0,6.0,6.0,6.0,6.0,6.0,6.0,6.0,6.0,7.0,7.0,7.0,7.0,7.0,8.0,8.0,2.0,0.0,0.0,5.0,3.0,5.0,9.0,5.0,5.0,2.0
Phascolarctobacterium_A succinatutens,7.0,7.0,7.0,7.0,7.0,7.0,7.0,7.0,7.0,7.0,7.0,7.0,7.0,7.0,7.0,7.0,7.0,7.0,7.0,6.0,7.0,7.0,7.0,7.0,7.0,7.0,7.0,7.0,7.0,7.0,6.0,7.0,7.0,6.0,7.0,7.0,7.0,7.0,7.0,7.0,7.0,7.0,6.0,6.0,7.0,6.0,10.0,10.0,10.0,10.0,10.0,10.0,11.0,10.0,10.0,10.0,10.0,10.0,10.0,10.0,10.0,10.0,10.0,10.0,10.0,10.0,10.0,10.0,10.0,10.0,10.0,10.0,9.0,9.0,9.0,9.0,9.0,9.0,10.0,10.0,9.0,9.0,9.0,9.0,9.0,9.0,9.0,9.0,9.0,9.0,9.0,9.0,9.0,9.0,8.0,9.0,9.0,11.0,12.0,12.0,12.0,11.0,9.0,10.0,7.0,7.0,6.0,6.0,6.0,6.0,6.0,6.0,6.0,6.0,6.0,7.0,7.0,7.0,7.0,7.0,8.0,8.0,2.0,0.0,0.0,5.0,3.0,5.0,9.0,5.0,5.0,2.0
Acidaminococcus fermentans,8.0,8.0,8.0,8.0,8.0,8.0,8.0,8.0,8.0,8.0,8.0,8.0,8.0,8.0,8.0,8.0,8.0,8.0,8.0,7.0,8.0,8.0,8.0,8.0,8.0,8.0,8.0,8.0,8.0,8.0,7.0,8.0,8.0,7.0,8.0,8.0,8.0,8.0,8.0,8.0,8.0,8.0,7.0,7.0,8.0,7.0,11.0,11.0,11.0,11.0,11.0,11.0,12.0,11.0,11.0,11.0,11.0,11.0,11.0,11.0,11.0,11.0,11.0,11.0,11.0,11.0,11.0,11.0,11.0,11.0,11.0,11.0,10.0,10.0,10.0,10.0,10.0,10.0,11.0,11.0,10.0,10.0,10.0,10.0,10.0,10.0,10.0,10.0,10.0,10.0,10.0,10.0,10.0,10.0,9.0,10.0,10.0,12.0,13.0,13.0,13.0,12.0,10.0,11.0,8.0,8.0,7.0,7.0,7.0,7.0,7.0,7.0,7.0,7.0,7.0,8.0,8.0,8.0,8.0,8.0,9.0,9.0,5.0,5.0,5.0,0.0,4.0,6.0,10.0,2.0,4.0,5.0
Mitsuokella multacida,6.0,6.0,6.0,6.0,6.0,6.0,6.0,6.0,6.0,6.0,6.0,6.0,6.0,6.0,6.0,6.0,6.0,6.0,6.0,5.0,6.0,6.0,6.0,6.0,6.0,6.0,6.0,6.0,6.0,6.0,5.0,6.0,6.0,5.0,6.0,6.0,6.0,6.0,6.0,6.0,6.0,6.0,5.0,5.0,6.0,5.0,9.0,9.0,9.0,9.0,9.0,9.0,10.0,9.0,9.0,9.0,9.0,9.0,9.0,9.0,9.0,9.0,9.0,9.0,9.0,9.0,9.0,9.0,9.0,9.0,9.0,9.0,8.0,8.0,8.0,8.0,8.0,8.0,9.0,9.0,8.0,8.0,8.0,8.0,8.0,8.0,8.0,8.0,8.0,8.0,8.0,8.0,8.0,8.0,7.0,8.0,8.0,10.0,11.0,11.0,11.0,10.0,8.0,9.0,6.0,6.0,5.0,5.0,5.0,5.0,5.0,5.0,5.0,5.0,5.0,6.0,6.0,6.0,6.0,6.0,7.0,7.0,3.0,3.0,3.0,4.0,0.0,4.0,8.0,4.0,4.0,3.0
Ligilactobacillus ruminis,6.0,6.0,6.0,6.0,6.0,6.0,6.0,6.0,6.0,6.0,6.0,6.0,6.0,6.0,6.0,6.0,6.0,6.0,6.0,5.0,6.0,6.0,6.0,6.0,6.0,6.0,6.0,6.0,6.0,6.0,5.0,6.0,6.0,5.0,6.0,6.0,6.0,6.0,6.0,6.0,6.0,6.0,5.0,5.0,6.0,5.0,9.0,9.0,9.0,9.0,9.0,9.0,10.0,9.0,9.0,9.0,9.0,9.0,9.0,9.0,9.0,9.0,9.0,9.0,9.0,9.0,9.0,9.0,9.0,9.0,9.0,9.0,8.0,8.0,8.0,8.0,8.0,8.0,9.0,9.0,8.0,8.0,8.0,8.0,8.0,8.0,8.0,8.0,8.0,8.0,8.0,8.0,8.0,8.0,7.0,8.0,8.0,10.0,11.0,11.0,11.0,10.0,8.0,9.0,6.0,6.0,5.0,5.0,5.0,5.0,5.0,3.0,3.0,3.0,5.0,6.0,6.0,6.0,6.0,6.0,7.0,7.0,5.0,5.0,5.0,6.0,4.0,0.0,8.0,6.0,6.0,5.0
Sutterella wadsworthensis,10.0,10.0,10.0,10.0,10.0,10.0,10.0,10.0,10.0,10.0,10.0,10.0,10.0,10.0,10.0,10.0,10.0,10.0,10.0,9.0,10.0,10.0,10.0,10.0,10.0,10.0,10.0,10.0,10.0,10.0,9.0,10.0,10.0,9.0,10.0,10.0,10.0,10.0,10.0,10.0,10.0,10.0,9.0,9.0,10.0,9.0,7.0,7.0,7.0,7.0,7.0,7.0,8.0,7.0,7.0,7.0,7.0,7.0,7.0,7.0,7.0,7.0,7.0,7.0,7.0,7.0,7.0,7.0,7.0,7.0,7.0,7.0,6.0,6.0,6.0,6.0,6.0,6.0,7.0,7.0,6.0,6.0,6.0,6.0,6.0,6.0,6.0,6.0,6.0,6.0,6.0,6.0,6.0,6.0,5.0,2.0,2.0,6.0,7.0,7.0,7.0,6.0,4.0,5.0,4.0,4.0,9.0,9.0,9.0,9.0,9.0,9.0,9.0,9.0,7.0,8.0,8.0,8.0,8.0,8.0,5.0,5.0,9.0,9.0,9.0,10.0,8.0,8.0,0.0,10.0,10.0,9.0
Acidaminococcus intestini,8.0,8.0,8.0,8.0,8.0,8.0,8.0,8.0,8.0,8.0,8.0,8.0,8.0,8.0,8.0,8.0,8.0,8.0,8.0,7.0,8.0,8.0,8.0,8.0,8.0,8.0,8.0,8.0,8.0,8.0,7.0,8.0,8.0,7.0,8.0,8.0,8.0,8.0,8.0,8.0,8.0,8.0,7.0,7.0,8.0,7.0,11.0,11.0,11.0,11.0,11.0,11.0,12.0,11.0,11.0,11.0,11.0,11.0,11.0,11.0,11.0,11.0,11.0,11.0,11.0,11.0,11.0,11.0,11.0,11.0,11.0,11.0,10.0,10.0,10.0,10.0,10.0,10.0,11.0,11.0,10.0,10.0,10.0,10.0,10.0,10.0,10.0,10.0,10.0,10.0,10.0,10.0,10.0,10.0,9.0,10.0,10.0,12.0,13.0,13.0,13.0,12.0,10.0,11.0,8.0,8.0,7.0,7.0,7.0,7.0,7.0,7.0,7.0,7.0,7.0,8.0,8.0,8.0,8.0,8.0,9.0,9.0,5.0,5.0,5.0,2.0,4.0,6.0,10.0,0.0,4.0,5.0
Phascolarctobacterium_A succinatutens_A,8.0,8.0,8.0,8.0,8.0,8.0,8.0,8.0,8.0,8.0,8.0,8.0,8.0,8.0,8.0,8.0,8.0,8.0,8.0,7.0,8.0,8.0,8.0,8.0,8.0,8.0,8.0,8.0,8.0,8.0,7.0,8.0,8.0,7.0,8.0,8.0,8.0,8.0,8.0,8.0,8.0,8.0,7.0,7.0,8.0,7.0,11.0,11.0,11.0,11.0,11.0,11.0,12.0,11.0,11.0,11.0,11.0,11.0,11.0,11.0,11.0,11.0,11.0,11.0,11.0,11.0,11.0,11.0,11.0,11.0,11.0,11.0,10.0,10.0,10.0,10.0,10.0,10.0,11.0,11.0,10.0,10.0,10.0,10.0,10.0,10.0,10.0,10.0,10.0,10.0,10.0,10.0,10.0,10.0,9.0,10.0,10.0,12.0,13.0,13.0,13.0,12.0,10.0,11.0,8.0,8.0,7.0,7.0,7.0,7.0,7.0,7.0,7.0,7.0,7.0,8.0,8.0,8.0,8.0,8.0,9.0,9.0,5.0,5.0,5.0,4.0,4.0,6.0,10.0,4.0,0.0,5.0
Megasphaera elsdenii,7.0,7.0,7.0,7.0,7.0,7.0,7.0,7.0,7.0,7.0,7.0,7.0,7.0,7.0,7.0,7.0,7.0,7.0,7.0,6.0,7.0,7.0,7.0,7.0,7.0,7.0,7.0,7.0,7.0,7.0,6.0,7.0,7.0,6.0,7.0,7.0,7.0,7.0,7.0,7.0,7.0,7.0,6.0,6.0,7.0,6.0,10.0,10.0,10.0,10.0,10.0,10.0,11.0,10.0,10.0,10.0,10.0,10.0,10.0,10.0,10.0,10.0,10.0,10.0,10.0,10.0,10.0,10.0,10.0,10.0,10.0,10.0,9.0,9.0,9.0,9.0,9.0,9.0,10.0,10.0,9.0,9.0,9.0,9.0,9.0,9.0,9.0,9.0,9.0,9.0,9.0,9.0,9.0,9.0,8.0,9.0,9.0,11.0,12.0,12.0,12.0,11.0,9.0,10.0,7.0,7.0,6.0,6.0,6.0,6.0,6.0,6.0,6.0,6.0,6.0,7.0,7.0,7.0,7.0,7.0,8.0,8.0,2.0,2.0,2.0,5.0,3.0,5.0,9.0,5.0,5.0,0.0
